letter,word,category,example_sentences,chinese_word,chinese_example,word_english,example_sentences_english
A,ab,Allgemein/Grammatik,Ab morgen muss ich arbeiten.,从……起；离开,从明天起我必须工作。,from; starting,Starting tomorrow I have to work.
A,aber,Allgemein/Grammatik,"Ich bin oft im Büro, aber nur für wenige Stunden.",但是,我经常在办公室，但只待几个小时。,but,"I am often in the office, but only for a few hours."
A,abfahren,Reisen/Verkehr,Wir fahren um zwölf Uhr ab.,出发,我们十二点出发。,to depart,We depart at twelve o'clock.
A,die Abfahrt,Reisen/Verkehr,Vor der Abfahrt rufe ich an.,出发；发车,出发前我会打电话。,departure,I will call before departure.
A,abgeben,Wohnen,Ich muss meine Schlüssel abgeben.,交出；交还,我必须交出我的钥匙。,to hand in; to drop off,I have to hand in my keys.
A,abholen,Wohnen,Wann kann ich den Schrank bei dir abholen? | Wir müssen noch meinen Bruder abholen.,去取；接,我什么时候可以到你那里取柜子？| 我们还得去接我弟弟。,to pick up,When can I pick up the cabinet from you? | We still have to pick up my brother.
A,der Absender,Dienstleistungen,Da ist ein Brief für dich ohne Absender.,寄件人,有一封给你的信，但没有寄件人。,sender,There is a letter for you without a sender.
A,Achtung,Allgemein/Grammatik,Achtung! Das dürfen Sie nicht tun.,注意,注意！您不能那样做。,attention,Attention! You are not allowed to do that.
A,"die Adresse,-en",Person,Können Sie mir seine Adresse sagen?,地址,您能告诉我他的地址吗？,address,Can you tell me his address?
A,all- allein,Allgemein/Grammatik,Alles Gute! | Das ist alles. | Sind alle da? | Alle Freunde kommen. | Hast du alles? | Er kommt allein.,所有；独自,一切顺利！| 就这些。| 大家都到了吗？| 所有朋友都来。| 你什么都有了吗？| 他一个人来。,all; everything; alone,All the best! | That is everything. | Is everyone here? | All friends are coming. | Do you have everything? | He is coming alone.
A,also,Allgemein/Grammatik,"Also, es ist so:... | Er hat Zeit, also muss er uns helfen.",那么；所以,那么，情况是这样的：…… | 他有时间，所以他必须帮我们。,so; therefore,"So, it is like this: ... | He has time, so he has to help us."
A,alt,Person,Wie alt sind Sie? | Sie sehen aber nicht so alt aus. | Mein Auto ist schon sehr alt. | Wir wohnen in einem sehr alten Haus. | Köln ist eine alte Stadt.,老的；旧的；年龄大,您多大年纪？| 但您看起来没有那么老。| 我的车已经很旧了。| 我们住在一栋很老的房子里。| 科隆是一座古老的城市。,old,How old are you? | But you do not look that old. | My car is already very old. | We live in a very old house. | Cologne is an old city.
A,das Alter,Person,Alter: 26 Jahre.,年龄,年龄：26岁。,age,Age: 26 years.
A,an,Allgemein/Grammatik,Fahren Sie an der nächsten Straße nach rechts. | Wir treffen uns am Bahnhof. | Am nächsten Montag geht es leider nicht.,在；到；于,请在下一条街向右开。| 我们在火车站见面。| 下周一很遗憾不行。,at; on; to,"Turn right at the next street. | We are meeting at the train station. | Unfortunately, next Monday does not work."
A,anbieten,Essen/Trinken,Was darf ich dir anbieten?,提供；招待,我可以给你提供什么？,to offer,What may I offer you?
A,"das Angebot, -e",Einkaufen/Gebrauchsartikel,Heute sind Sportschuhe im Angebot.,优惠；报价,今天运动鞋在特价。,offer; special offer,Sports shoes are on special offer today.
A,ander- anfangen,Allgemein/Grammatik,"WiIlst du diese Jacke? | – Nein, ich möchte die andere. | Hier fängt die Bahnhofstraße an. | Der Unterricht fängt gleich an.",另一个；开始,你想要这件夹克吗？| 不，我想要另一件。| 这里是火车站街的起点。| 课马上开始。,other; to begin,"Do you want this jacket? | No, I would like the other one. | Bahnhofstraße begins here. | The class begins right away."
A,der Anfang,Zeit/Datum,Sie wohnt am Anfang der Straße. | Wir machen Anfang Juli Urlaub.,开始；开头,她住在街道的开头。| 我们七月初去度假。,beginning,She lives at the beginning of the street. | We are going on vacation at the beginning of July.
A,anklicken,Allgemein/Grammatik,Da musst du dieses Wort anklicken.,点击,你必须点击这个词。,to click on,You have to click on this word there.
A,ankommen,Reisen/Verkehr,Wann kommt dieser Zug in Hamburg an?,到达,这列火车什么时候到汉堡？,to arrive,When does this train arrive in Hamburg?
A,die Ankunft,Reisen/Verkehr,Auf diesem Plan steht nur die Ankunft(-szeit) der | Züge.,到达,这张计划表上只写了火车的到达（时间）。,arrival,This schedule only shows the arrival time of the trains.
A,ankreuzen,Dienstleistungen,Auf dem Formular müssen Sie an mehreren Stellen | etwas ankreuzen.,打叉；勾选,您必须在表格的几个地方打叉。,to tick; to check,On the form you have to tick something in several places.
A,anmachen,Wohnen,Mach bitte das Licht an!,打开（电器）,请把灯打开！,to turn on,Please turn on the light!
A,(sich) anmelden,Dienstleistungen,Wo kann ich mich anmelden?,报名；登记,我在哪里可以报名？,to register; to sign up,Where can I register?
A,die Anmeldung,Dienstleistungen,Eine Anmeldung für diesen Kurs ist nicht mehr möglich.,报名；登记,这个课程已经不能再报名了。,registration,Registration for this course is no longer possible.
A,die Anrede,Kommunikation/Sprache,Schreiben Sie auch eine Anrede und einen Gruß.,称呼；开头称谓,请也写上称呼和问候语。,salutation,Also write a salutation and a closing greeting.
A,anrufen,Kommunikation/Sprache,Kann man Sie anrufen? | Peter ruft kurz seine Freundin an.,打电话,可以给您打电话吗？| 彼得给他的女朋友打了个简短电话。,to call,Can someone call you? | Peter briefly calls his girlfriend.
A,"der Anruf, -e",Kommunikation/Sprache,Sie bekommt viele Anrufe auf ihrem Handy.,电话；来电,她的手机上收到很多电话。,call; phone call,She gets many calls on her mobile phone.
A,der Anruf- beantworter,Kommunikation/Sprache,Wir sind im Moment nicht da. Sprechen Sie bitte auf | den Anrufbeantworter.,电话答录机,我们现在不在。请在电话答录机上留言。,answering machine,We are not here at the moment. Please speak on the answering machine.
A,"die Ansage, -n",Kommunikation/Sprache,Hören Sie die Ansagen.,广播通知；提示语,请听这些广播通知。,announcement,Listen to the announcements.
A,der Anschluss,Reisen/Verkehr,In Mannheim haben Sie Anschluss nach Saarbrücken. | Ist das die Anmeldung für einen Telefonanschluss?,连接；转乘；接口,在曼海姆您可以转乘去萨尔布吕肯。| 这是电话接口的登记吗？,connection; extension,In Mannheim you have a connection to Saarbrücken. | Is that the registration for a telephone connection?
A,an sein,Allgemein/Grammatik,Heute Nacht war das Licht an.,开着,今天夜里灯是开着的。,to be on,The light was on last night.
A,antworten,Kommunikation/Sprache,Er antwortet nicht.,回答,他不回答。,to answer,He does not answer.
A,"die Antwort, -en",Kommunikation/Sprache,Er gibt leider keine Antwort.,回答；答案,很遗憾，他没有给出回答。,answer,"Unfortunately, he gives no answer."
A,"die Anzeige, -n",Kommunikation/Sprache,Ich habe Ihre Anzeige in der Zeitung gelesen.,广告；启事,我在报纸上读到了您的广告。,advertisement,I read your advertisement in the newspaper.
A,(sich) anziehen,Allgemein/Grammatik,Ich muss mich noch anziehen.,穿衣服,我还得穿衣服。,to get dressed,I still have to get dressed.
A,"das Apartment, -s",Wohnen,Wir haben ein Apartment gemietet.,公寓,我们租了一套公寓。,apartment,We rented an apartment.
A,"der Apfel, -Ä",Essen/Trinken,Ein Pfund Äpfel bitte.,苹果,请给我一磅苹果。,apple,"A pound of apples, please."
A,der Appetit,Essen/Trinken,Guten Appetit!,食欲；胃口,祝您好胃口！,appetite,Enjoy your meal!
A,arbeiten,Arbeit/Beruf,Wo arbeiten Sie?,工作,您在哪里工作？,to work,Where do you work?
A,"die Arbeit, -en",Arbeit/Beruf,Mein Bruder sucht Arbeit.,工作,我哥哥在找工作。,work; job,My brother is looking for work.
A,arbeitslos,Arbeit/Beruf,"Es gibt bei uns viele Leute, die schon lange arbeitslos | sind.",失业的,我们这里有很多人已经失业很久了。,unemployed,There are many people with us who have been unemployed for a long time.
A,"der Arbeitsplatz, -ä, e",Arbeit/Beruf,An meinem Arbeitsplatz fehlt ein Drucker.,工作岗位；工作地点,我的工作地点缺一台打印机。,workplace,There is no printer at my workplace.
A,"der Arm, -e",Gesundheit/Körper,Mein Arm tut weh.,胳膊,我的胳膊疼。,arm,My arm hurts.
A,"der Arzt, -Ä, e",Gesundheit/Körper,Morgen habe ich einen Termin bei meiner Ärztin.,医生,明天我有一个女医生的预约。,doctor,Tomorrow I have an appointment with my doctor.
A,auch,Allgemein/Grammatik,Ich bin auch Spanier.,也,我也是西班牙人。,also; too,I am Spanish too.
A,auf,Allgemein/Grammatik,Die Kinder spielen auf der Straße. | Auf Wiedersehen. | Wie heißt das auf Deutsch?,在……上；再见；用……语言,孩子们在街上玩。| 再见。| 这个用德语怎么说？,on; in; onto,The children are playing on the street. | Goodbye. | What is that called in German?
A,"die Aufgabe, -n",Erziehung/Ausbildung/Lernen,Das ist eine schwere Aufgabe.,任务；作业,这是一项困难的任务。,task; exercise,That is a difficult task.
A,aufhören,Allgemein/Grammatik,Der Kurs hört in einer Woche auf. | Hier hört die Bahnhofstraße auf.,停止；结束,课程一周后结束。| 火车站街到这里结束。,to stop; to end,The course ends in one week. | Bahnhofstraße ends here.
A,auf sein,Allgemein/Grammatik,Du brauchst den Schlüssel nicht. Die Wohnung ist auf.,开着；没锁,你不需要钥匙。公寓门是开着的。,to be open; unlocked,You do not need the key. The apartment is unlocked.
A,aufstehen,Allgemein/Grammatik,Ich muss immer um vier Uhr aufstehen. | Soll ich aufstehen?,起床；站起来,我总是四点起床。| 我要站起来吗？,to get up; to stand up,I always have to get up at four o'clock. | Should I stand up?
A,"der Aufzug, -ü, e",Wohnen,In diesem Haus gibt es keinen Aufzug.,电梯,这栋楼没有电梯。,elevator,There is no elevator in this building.
A,"das Auge, -n",Gesundheit/Körper,Er hat blaue Augen.,眼睛,他有蓝色的眼睛。,eye,He has blue eyes.
A,aus,Allgemein/Grammatik,Er kommt aus Brasilien.,来自；从……出来,他来自巴西。,from; out of,He comes from Brazil.
A,der Ausflug,Reisen/Verkehr,Morgen machen wir einen Ausflug nach Heidelberg.,郊游；短途旅行,明天我们去海德堡郊游。,excursion; trip,Tomorrow we are taking a trip to Heidelberg.
A,ausfüllen,Dienstleistungen,Füllen Sie bitte dieses Formular aus.,填写,请填写这张表格。,to fill out,Please fill out this form.
A,der Ausgang,Reisen/Verkehr,Wo ist der Ausgang?,出口,出口在哪里？,exit,Where is the exit?
A,"die Auskunft, -ü, e",Dienstleistungen,Können Sie mir eine Auskunft geben?,信息；咨询,您能给我一个信息吗？,information,Can you give me some information?
A,das Ausland,Reisen/Verkehr,Fahren Sie ins Ausland?,国外,您去国外吗？,foreign countries; abroad,Are you traveling abroad?
A,"der Ausländer, - ausländisch",Person,SInd Sie Ausländerin? | Leider habe ich nur ausländisches Geld.,外国人；外国的,您是外国人吗？| 很遗憾，我只有外国钱币。,foreigner; foreign,Are you a foreigner? | Unfortunately I only have foreign money.
A,ausmachen,Allgemein/Grammatik,Mach bitte das Licht aus!,关掉（电器）,请把灯关掉！,to turn off,Please turn off the light!
A,"die Aussage, -n",Kommunikation/Sprache,Ist die Aussage richtig oder falsch?,陈述；说法,这个陈述是对还是错？,statement,Is the statement right or wrong?
A,aussehen,Allgemein/Grammatik,Das sieht schön aus.,看起来,这看起来很漂亮。,to look; to appear,That looks beautiful.
A,aus sein,Allgemein/Grammatik,Das Licht ist aus. | Die Schule ist aus.,关着；结束,灯关了。| 学校放学了。,to be off; to be over,The light is off. | School is over.
A,aussteigen,Reisen/Verkehr,Wo muss ich aussteigen?,下车,我必须在哪里下车？,to get off; to exit,Where do I have to get off?
A,der Ausweis,Person,Hier ist mein Ausweis.,证件,这是我的证件。,ID card,Here is my ID card.
A,(sich) ausziehen,Allgemein/Grammatik,"Zieh die Schuhe aus, bitte!",脱衣服；脱下,请把鞋脱掉！,to take off; to undress,"Take off your shoes, please!"
A,"das Auto, -s",Reisen/Verkehr,Er kommt mit dem Auto.,汽车,他开车来。,car,He is coming by car.
A,"die Autobahn, -en",Reisen/Verkehr,Wo geht‘s hier bitte zur Autobahn?,高速公路,请问去高速公路怎么走？,highway; motorway,"Which way is it to the highway, please?"
A,der Automat,Dienstleistungen,Die Fahrkarten gibt es nur am Automaten.,自动售货机；机器,车票只能在自动售票机上买。,machine; vending machine,Tickets are only available from the machine.
A,automatisch,Einkaufen/Gebrauchsartikel,Du musst nichts machen. Das geht automatisch.,自动地,你什么都不用做。它会自动完成。,automatic,You do not have to do anything. It works automatically.
B,"das Baby, -s",Person,Mein Kind ist noch ein Baby.,婴儿,我的孩子还是个婴儿。,baby,My child is still a baby.
B,die Bäckerei,Essen/Trinken,Ich geh mal schnell zur Bäckerei.,面包店,我快去一下面包店。,bakery,I am quickly going to the bakery.
B,das Bad,Wohnen,Wir haben kein großes Bad.,浴室；洗澡,我们的浴室不大。,bathroom; bath,We do not have a large bathroom.
B,baden,Gesundheit/Körper,"Ich bade nicht so gern, ich dusche lieber.",洗澡；泡澡,我不太喜欢泡澡，我更喜欢淋浴。,to bathe,I do not like taking baths very much; I prefer showering.
B,die Bahn,Reisen/Verkehr,Wir fahren lieber mit der Bahn. | Ich nehme die nächste Bahn.,铁路；列车,我们更喜欢坐火车。| 我坐下一班车。,train; railway,We prefer traveling by train. | I will take the next train.
B,der Bahnhof,Reisen/Verkehr,Komme ich hier zum Bahnhof?,火车站,从这里能到火车站吗？,train station,Can I get to the train station from here?
B,der Bahnsteig,Reisen/Verkehr,Auf welchem Bahnsteig fährt der Zug?,站台,这列火车在哪个站台开？,platform,From which platform does the train leave?
B,bald,Zeit/Datum,Ich komme bald.,很快；不久,我很快就来。,soon,I am coming soon.
B,der Balkon,Wohnen,Die Wohnung hat auch einen kleinen Balkon.,阳台,这套公寓还有一个小阳台。,balcony,The apartment also has a small balcony.
B,"die Banane, -n",Essen/Trinken,"Drei Bananen, bitte!",香蕉,请给我三根香蕉！,banana,"Three bananas, please!"
B,die Bank,Dienstleistungen,Die Bank schließt schon um vier Uhr. | Er sitzt im Park auf einer Bank und liest.,银行；长椅,银行四点就关门。| 他坐在公园的长椅上读书。,bank; bench,The bank closes already at four o'clock. | He is sitting on a bench in the park and reading.
B,bar,Dienstleistungen,Muss ich bar zahlen oder geht‘s auch mit Karte?,现金地,我必须付现金，还是也可以刷卡？,cash,"Do I have to pay in cash, or can I pay by card?"
B,der Bauch,Gesundheit/Körper,Seit gestern tut mir der Bauch weh.,肚子,从昨天起我肚子疼。,stomach; belly,My stomach has been hurting since yesterday.
B,"der Baum, -ä, e",Umwelt,"Vorsicht, fahr nicht an den Baum!",树,小心，不要撞到树！,tree,"Careful, do not drive into the tree!"
B,"der Beamte, -n",Dienstleistungen,Fragen Sie die Beamtin an Schalter acht!,公务员,请问八号窗口的女公务员！,civil servant; official,Ask the official at counter eight!
B,bedeuten,Kommunikation/Sprache,Was bedeutet das Wort?,意思是；表示,这个词是什么意思？,to mean,What does the word mean?
B,beginnen,Zeit/Datum,Das Spiel beginnt um 15.30 Uhr.,开始,比赛15点30分开始。,to begin,The game begins at 3:30 p.m.
B,bei,Allgemein/Grammatik,Offenbach liegt bei Frankfurt. | Ich wohne bei meinen Eltern. | Bei uns regnet es heute. | Er arbeitet bei der Polizei.,在……附近；在……家；在……单位,奥芬巴赫在法兰克福附近。| 我住在父母家。| 我们这里今天下雨。| 他在警察局工作。,near; at; with,Offenbach is near Frankfurt. | I live with my parents. | It is raining here where we are today. | He works for the police.
B,beide,Allgemein/Grammatik,Beide Eltern arbeiten. | Wir kommen beide.,两个都,父母两人都工作。| 我们两个都来。,both,Both parents work. | We are both coming.
B,"das Bein, -e",Gesundheit/Körper,Mein rechtes Bein tut weh.,腿,我的右腿疼。,leg,My right leg hurts.
B,"das Beispiel, -e",Allgemein/Grammatik,Kannst du mir ein Beispiel sagen?,例子,你能给我举个例子吗？,example,Can you give me an example?
B,zum Beispiel/z. B.,Allgemein/Grammatik,"Viele meiner Verwandten, z. B. meine beiden | Brüder, arbeiten auch hier.",例如,我的很多亲戚，例如我的两个兄弟，也在这里工作。,for example,"Many of my relatives, for example my two brothers, also work here."
B,bekannt,Allgemein/Grammatik,Picasso ist sehr bekannt.,著名的；熟悉的,毕加索非常有名。,known; famous,Picasso is very famous.
B,"der/die Bekannte, -n",Person,Ein Bekannter von mir heißt Klaus.,熟人,我的一个熟人叫克劳斯。,acquaintance,An acquaintance of mine is named Klaus.
B,bekommen,Allgemein/Grammatik,Haben Sie meinen Brief bekommen? | Was bekommen Sie? | Dieses Medikament bekommen Sie in der Apotheke.,收到；得到；买到,您收到我的信了吗？| 您要什么？| 这种药您可以在药店买到。,to get; to receive,Did you receive my letter? | What would you like? | You can get this medication at the pharmacy.
B,benutzen,Allgemein/Grammatik,Die Aufzüge bitte nicht benutzen!,使用,请不要使用电梯！,to use,Please do not use the elevators!
B,"der Beruf, -e",Arbeit/Beruf,Was sind Sie von Beruf? | Was ist Ihr Beruf?,职业,您的职业是什么？| 您从事什么职业？,profession; occupation,What is your profession? | What is your job?
B,besetzt,Allgemein/Grammatik,Die Nummer ist immer besetzt. | Der Platz ist besetzt.,占线的；被占用的,这个号码总是占线。| 这个座位有人了。,busy; occupied,The number is always busy. | The seat is occupied.
B,besichtigen,Allgemein/Grammatik,Ich möchte gern den Dom besichtigen.,参观,我想参观大教堂。,to visit; to tour,I would like to visit the cathedral.
B,besser,Allgemein/Grammatik,Es geht mir schon besser.,更好,我已经感觉好多了。,better,I am already feeling better.
B,best- bestellen,Allgemein/Grammatik,"Am besten treffen wir uns morgen. | Wir möchten bestellen, bitte. | Dieses Buch haben wir nicht – sollen wir es für Sie | bestellen?",最好的；订购；点餐,我们最好明天见。| 我们想点菜。| 这本书我们没有——要不要为您订购？,best; to order,"It is best if we meet tomorrow. | We would like to order, please. | We do not have this book; shall we order it for you?"
B,besuchen,Allgemein/Grammatik,Darf ich dich besuchen?,拜访；参观,我可以去看你吗？,to visit,May I visit you?
B,"das Bett, -en",Wohnen,Wir brauchen noch ein Kinderbett.,床,我们还需要一张儿童床。,bed,We still need a child's bed.
B,bezahlen,Einkaufen/Gebrauchsartikel,Wo muss ich bezahlen?,付款,我在哪里付款？,to pay,Where do I have to pay?
B,das Bier,Essen/Trinken,Noch ein Bier bitte.,啤酒,请再来一杯啤酒。,beer,"Another beer, please."
B,"das Bild, -er",Einkaufen/Gebrauchsartikel,Hast du ein Bild von deinem Sohn?,图片；照片,你有你儿子的照片吗？,picture; image,Do you have a picture of your son?
B,"die Birne, -n",Essen/Trinken,"Ein Kilo Birnen, bitte!",梨,请给我一公斤梨！,pear,"A kilo of pears, please!"
B,bis,Allgemein/Grammatik,Ich fahre nur bis Stuttgart. | Ich warte bis morgen.,直到；到……为止,我只坐到斯图加特。| 我等到明天。,until; as far as,I am only going as far as Stuttgart. | I will wait until tomorrow.
B,bisschen,Allgemein/Grammatik,"Ich spreche Englisch, Französisch und ein bisschen | Deutsch.",一点儿,我会说英语、法语和一点德语。,a little,"I speak English, French, and a little German."
B,bitte,Kommunikation/Sprache,"Eine Tasse Kaffee, bitte! | Sprechen Sie bitte leise!",请；给您；不客气,请来一杯咖啡！| 请小声说话！,please,"A cup of coffee, please! | Please speak quietly!"
B,"die Bitte, -n",Kommunikation/Sprache,Ich habe noch eine Bitte.,请求,我还有一个请求。,request,I have one more request.
B,bitten,Kommunikation/Sprache,Darf ich Sie um etwas bitten?,请求,我可以请求您一件事吗？,to ask; to request,May I ask you for something?
B,bitter,Essen/Trinken,Der Kaffee schmeckt bitter.,苦的,咖啡味道很苦。,bitter,The coffee tastes bitter.
B,bleiben,Allgemein/Grammatik,Ich bleibe heute zu Hause. | Wir bleiben nur bis morgen.,停留；保持,我今天待在家里。| 我们只待到明天。,to stay,I am staying at home today. | We are staying only until tomorrow.
B,"der Bleistift, -e",Einkaufen/Gebrauchsartikel,Hast du einen Bleistift?,铅笔,你有铅笔吗？,pencil,Do you have a pencil?
B,der Blick,Allgemein/Grammatik,Von diesem Hotel hat man einen guten Blick auf den | Rhein.,景色；视野,从这家酒店可以很好地看到莱茵河。,view; look,From this hotel you have a good view of the Rhine.
B,"die Blume, -n",Umwelt,Gefallen dir die Blumen?,花,你喜欢这些花吗？,flower,Do you like the flowers?
B,der Bogen,Allgemein/Grammatik,Schreiben Sie Ihre Lösungen bitte auf den Antwortbogen.,表格；答题纸,请把答案写在答题纸上。,sheet; form,Please write your answers on the answer sheet.
B,böse,Allgemein/Grammatik,Sie ist böse auf mich.,生气的；坏的,她在生我的气。,angry,She is angry with me.
B,brauchen,Gesundheit/Körper,Brauchst du die Zeitung noch?,需要,你还需要这份报纸吗？,to need,Do you still need the newspaper?
B,breit,Allgemein/Grammatik,Wie breit ist der Schrank?,宽的,这个柜子有多宽？,wide,How wide is the cabinet?
B,"der Brief, -e",Dienstleistungen,Haben Sie einen Brief für mich?,信,有我的信吗？,letter,Do you have a letter for me?
B,"die Briefmarke, -n",Dienstleistungen,Kaufst du bitte Briefmarken bei der Post.,邮票,请你在邮局买邮票。,stamp,Please buy stamps at the post office.
B,bringen,Allgemein/Grammatik,Bringen Sie mir bitte noch einen Kaffee! | Wir müssen ihn zum Arzt bringen.,带来；送去,请再给我拿一杯咖啡！| 我们必须把他送去看医生。,to bring,Please bring me another coffee! | We have to take him to the doctor.
B,"das Brot, -e",Essen/Trinken,Haben Sie auch Weißbrot? | Nimm noch ein paar Brote für die Fahrt mit.,面包,你们也有白面包吗？| 路上再带几片面包。,bread,Do you also have white bread? | Take a few sandwiches for the trip.
B,"das Brötchen, –",Essen/Trinken,Möchtest du Brötchen zum Frühstück?,小面包,早餐你想要小面包吗？,roll; bread roll,Would you like rolls for breakfast?
B,"der Bruder, -ü",Person,Sein Bruder arbeitet auch hier.,兄弟；哥哥；弟弟,他的兄弟也在这里工作。,brother,His brother also works here.
B,"das Buch, -ü, er",Freizeit/Unterhaltung,Gute Bücher sind oft sehr teuer. | In diesem Wörterbuch finden Sie mehr als 20.000 Wörter.,书,好书常常很贵。| 在这本词典里你能找到两万多个词。,book,"Good books are often very expensive. | In this dictionary you will find more than 20,000 words."
B,"der Buchstabe, -n",Erziehung/Ausbildung/Lernen,Diesen Buchstaben gibt es in meiner Sprache nicht.,字母,我的语言里没有这个字母。,letter; character,This letter does not exist in my language.
B,buchstabieren,Erziehung/Ausbildung/Lernen,Bitte buchstabieren Sie Ihren Namen.,拼写,请拼写您的名字。,to spell,Please spell your name.
B,"der Bus, -se",Allgemein/Grammatik,Wann kommt der nächste Bus?,公交车,下一班公交车什么时候来？,bus,When is the next bus coming?
B,die Butter,Essen/Trinken,Für mich bitte ein Brötchen mit Butter und Käse.,黄油,我请要一个加黄油和奶酪的小面包。,butter,"For me, please, a roll with butter and cheese."
C,"das Café, -s",Essen/Trinken,Sollen wir uns im Café treffen?,咖啡馆,我们在咖啡馆见面吗？,café,Shall we meet in the café?
C,"die CD, -s",Freizeit/Unterhaltung,Bring bitte deine Lieblings-CD mit.,光盘,请带上你最喜欢的CD。,CD,Please bring your favorite CD.
C,der Chef,Arbeit/Beruf,Wir haben eine neue Chefin.,老板,我们有了一位新女老板。,boss,We have a new boss.
C,circa/ca.,Allgemein/Grammatik,Von Mainz nach Frankfurt sind es circa fünfzig | Kilometer.,大约,从美因茨到法兰克福大约五十公里。,approximately; about,From Mainz to Frankfurt it is about fifty kilometers.
C,"der Computer, –",Einkaufen/Gebrauchsartikel,Wann bekommst du deinen neuen Computer?,电脑,你什么时候拿到你的新电脑？,computer,When are you getting your new computer?
D,da,Allgemein/Grammatik,Da hinten ist er ja. | Wir sprechen gerade über Paul. Da kommt er ja gerade. | Ich nehme das da. | Ist Herr Klein schon da?,那里；这时；在场,他就在后面。| 我们正在谈论保罗，这时他正好来了。| 我拿那个。| 克莱因先生已经在了吗？,there; here,There he is in the back. | We are just talking about Paul. There he comes now. | I will take that one there. | Is Mr. Klein already here?
D,"die Dame, -n",Person,Damen (an der Toilette),女士,女士（厕所标识）,lady; ladies,Ladies (at the restroom)
D,daneben,Allgemein/Grammatik,Du kennst doch die Post. Daneben ist die Bank.,旁边,你不是知道邮局吗？它旁边就是银行。,next to it,You know the post office. The bank is next to it.
D,danken,Kommunikation/Sprache,Ich danke Ihnen für die Einladung.,感谢,我感谢您的邀请。,to thank,I thank you for the invitation.
D,der Dank,Kommunikation/Sprache,Vielen Dank! | Herzlichen Dank!,感谢,非常感谢！| 衷心感谢！,thanks,Many thanks! | Heartfelt thanks!
D,danke,Kommunikation/Sprache,"Soll ich Ihnen helfen? - Nein, danke!",谢谢,要我帮您吗？——不用，谢谢！,thanks; thank you,"Shall I help you? - No, thank you!"
D,dann,Allgemein/Grammatik,"Ich muss noch schnell zur Post, dann komme ich.",然后,我还得快去一下邮局，然后就来。,then,"I have to go quickly to the post office, then I will come."
D,das Datum,Zeit/Datum,Bitte schreiben Sie noch das Datum auf das Formular.,日期,请您还把日期写在表格上。,date,Please also write the date on the form.
D,dauern,Zeit/Datum,Wie lange dauert der Film?,持续；花费时间,这部电影多长时间？,to last; to take time,How long does the film last?
D,dein- denn,Allgemein/Grammatik,"Ist das dein Auto? | Ist das deins? | Ich kann nicht kommen, denn ich bin krank.",你的；因为,这是你的车吗？| 这是你的吗？| 我不能来，因为我病了。,your; because,Is that your car? | Is that yours? | I cannot come because I am sick.
D,"der, die, das",Allgemein/Grammatik,"Ich nehme das da. | Hier ist der Brief, den du suchst. | Die Fahrkarte bekommst du am Bahnhof.",这个；那个；定冠词,我拿那个。| 这就是你要找的那封信。| 车票你在火车站买得到。,the; that; which,I will take that one there. | Here is the letter you are looking for. | You can get the ticket at the train station.
D,dich,Person,Die Blumen sind für dich.,你（宾格）,这些花是给你的。,you,The flowers are for you.
D,dies- dir,Allgemein/Grammatik,Ich nehme lieber diesen Kuchen. | Gefallen dir die Blumen?,这个；给你,我更想要这块蛋糕。| 你喜欢这些花吗？,this; to you,I prefer this cake. | Do you like the flowers?
D,die Disco,Freizeit/Unterhaltung,Heute abend gehen wir in die Disco tanzen.,迪斯科舞厅,今天晚上我们去迪斯科跳舞。,disco,Tonight we are going dancing at the disco.
D,der Doktor,Gesundheit/Körper,Meine Tochter ist krank. Wir gehen zum Doktor.,医生；博士,我女儿生病了。我们去看医生。,doctor,My daughter is sick. We are going to the doctor.
D,das Doppelzimmer,Reisen/Verkehr,Wollen Sie ein Doppelzimmer oder ein Einzelzimmer?,双人间,您要双人间还是单人间？,double room,Do you want a double room or a single room?
D,"das Dorf, -ö, er",Reisen/Verkehr,Meine Familie lebt in einem Dorf.,村庄,我的家人住在一个村子里。,village,My family lives in a village.
D,"dort, -her, -hin",Allgemein/Grammatik,Deine Tasche kannst du dorthin stellen. | Dort ist unser Haus.,在那里；从那里；到那里,你的包可以放到那里。| 那里是我们的房子。,there; from there; to there,You can put your bag over there. | Our house is there.
D,draußen,Allgemein/Grammatik,Wollen wir draußen sitzen?,在外面,我们想坐在外面吗？,outside,Shall we sit outside?
D,drucken,Allgemein/Grammatik,Bitte drucke das Formular für mich.,打印,请帮我打印这张表格。,to print,Please print the form for me.
D,"der Drucker, –",Einkaufen/Gebrauchsartikel,Mein Drucker ist kaputt.,打印机,我的打印机坏了。,printer,My printer is broken.
D,drücken,Allgemein/Grammatik,"Drück hier, dann geht der Computer an.",按；压,按这里，电脑就开了。,to press,"Press here, then the computer turns on."
D,durch,Allgemein/Grammatik,Am besten gehen Sie durch die Breite Straße.,穿过；通过,最好穿过宽街走。,through,It is best to go through Breite Straße.
D,"die Durchsage, -n",Allgemein/Grammatik,Ich habe die Durchsage nicht verstanden.,广播通知,我没有听懂广播通知。,announcement,I did not understand the announcement.
D,dürfen,Allgemein/Grammatik,Sie dürfen hier nicht rauchen. | Darf ich Sie zu einem Kaffee einladen? | Es darf nicht mehr als 15 Euro kosten.,可以；被允许,您不能在这里吸烟。| 我可以请您喝杯咖啡吗？| 不能超过15欧元。,may; to be allowed to,You are not allowed to smoke here. | May I invite you for a coffee? | It must not cost more than 15 euros.
D,der Durst,Essen/Trinken,Hast du etwas zu trinken? Ich habe großen Durst.,口渴,你有喝的吗？我很渴。,thirst,Do you have something to drink? I am very thirsty.
D,(sich) duschen,Wohnen,"Ich bade nicht so gern, ich dusche lieber.",淋浴,我不太喜欢泡澡，我更喜欢淋浴。,to shower,I do not like taking baths very much; I prefer showering.
D,die Dusche,Wohnen,Unsere Wohnung hat nur eine Dusche.,淋浴间；淋浴,我们的公寓只有一个淋浴间。,shower,Our apartment has only a shower.
E,"die Ecke, -n",Wohnen,An der nächsten Ecke links.,角落；街角,在下一个路口左转。,corner,Turn left at the next corner.
E,"die Ehefrau, -en/der Ehemann, ä, er",Person,Das ist mein (Ehe-) Mann/meine (Ehe-) Frau.,妻子；丈夫,这是我的丈夫/妻子。,wife; husband,This is my husband/my wife.
E,"das Ei, -er",Allgemein/Grammatik,Möchtest du ein Ei zum Frühstück?,鸡蛋,早餐你想要一个鸡蛋吗？,egg,Would you like an egg for breakfast?
E,eilig,Allgemein/Grammatik,Hast du es eilig?,急的；赶时间,你赶时间吗？,urgent; in a hurry,Are you in a hurry?
E,ein- einfach,Allgemein/Grammatik,"Ich nehme ein Bier. Willst du auch eins? | Ist hier einer, der das kann? | Die Prüfung ist ganz einfach. | Hin und zurück? – Nein, bitte nur einfach. | Ich brauche nur ein einfaches Zimmer.",一个；简单；单程,我要一杯啤酒。你也要一个吗？| 这里有人会做这个吗？| 考试很简单。| 往返吗？——不，请只要单程。| 我只需要一个简单的房间。,one; simple; single,"I will take a beer. Do you want one too? | Is there anyone here who can do that? | The exam is quite easy. | There and back? No, one way only, please. | I only need a simple room."
E,der Eingang,Reisen/Verkehr,Der Eingang ist um die Ecke.,入口,入口在拐角处。,entrance,The entrance is around the corner.
E,einkaufen,Einkaufen/Gebrauchsartikel,Ich muss noch für morgen einkaufen.,购物,我还得为明天买东西。,to shop,I still have to shop for tomorrow.
E,einladen,Freizeit/Unterhaltung,Darf ich Sie zu einem Kaffee einladen?,邀请,我可以请您喝杯咖啡吗？,to invite,May I invite you for a coffee?
E,einmal,Zeit/Datum,Diese Prüfung mache ich nicht noch einmal.,一次；再一次,这场考试我不会再考一次。,once; one time,I am not taking this exam again.
E,einsteigen,Reisen/Verkehr,"Schnell, steig ein, der Zug fährt gleich.",上车,快上车，火车马上开了。,to get in; to board,"Quick, get in; the train is about to leave."
E,der Eintritt,Freizeit/Unterhaltung,Der Preis für den Eintritt ist 5 Euro.,入场；门票,入场价格是5欧元。,admission; entrance fee,The admission price is 5 euros.
E,das Einzelzimmer,Reisen/Verkehr,Haben Sie noch ein Einzelzimmer?,单人间,您还有单人间吗？,single room,Do you still have a single room?
E,die Eltern (pl.),Person,Meine Eltern leben in Spanien.,父母,我的父母住在西班牙。,parents,My parents live in Spain.
E,"die E-Mail, -s",Kommunikation/Sprache,Ich habe Ihre E-Mail nicht bekommen.,电子邮件,我没有收到您的电子邮件。,email,I did not receive your email.
E,"der Empfänger, –",Dienstleistungen,"Auf dem Brief steht dein Name, also bist du der | Empfänger.",收件人,信上写着你的名字，所以你就是收件人。,recipient,"Your name is on the letter, so you are the recipient."
E,empfehlen,Gesundheit/Körper,Welchen Wein können Sie mir empfehlen?,推荐,您能给我推荐哪种葡萄酒？,to recommend,Which wine can you recommend to me?
E,enden,Allgemein/Grammatik,Die Straße endet hier.,结束,这条街到这里结束。,to end,The street ends here.
E,das Ende,Zeit/Datum,Sie wohnt am Ende der Straße. | Er bekommt sein Geld am Ende des Monats.,末尾；结束,她住在街道尽头。| 他月底拿到钱。,end,She lives at the end of the street. | He gets his money at the end of the month.
E,entschuldigen,Kommunikation/Sprache,Entschuldigen Sie bitte!,原谅；道歉,请原谅！,to excuse; excuse me,"Excuse me, please!"
E,die Entschuldigung,Kommunikation/Sprache,Entschuldigung! – Bitte.,对不起；道歉,对不起！——没关系。,excuse; apology,Excuse me! - You're welcome.
E,er,Allgemein/Grammatik,Er heißt Ali.,他,他叫阿里。,he,His name is Ali.
E,"das Ergebnis, -se",Erziehung/Ausbildung/Lernen,Das Ergebnis des Tests bekommen Sie in zwei Wochen.,结果,考试结果两周后给您。,result,You will get the test result in two weeks.
E,erklären,Erziehung/Ausbildung/Lernen,Kannst du mir das erklären?,解释,你能给我解释一下吗？,to explain,Can you explain that to me?
E,erlauben,Allgemein/Grammatik,Rauchen ist hier nicht erlaubt.,允许,这里不允许吸烟。,to allow,Smoking is not allowed here.
E,"der Erwachsene, -n",Person,Dieser Film ist nur für Erwachsene.,成年人,这部电影只适合成年人。,adult,This film is only for adults.
E,erzählen,Kommunikation/Sprache,Wir müssen euch etwas erzählen!,讲述,我们必须告诉你们一些事情！,to tell; to narrate,We have to tell you something!
E,es,Allgemein/Grammatik,Es regnet.,它；这,下雨了。,it,It is raining.
E,essen,Essen/Trinken,Was gibt es zu essen?,吃,有什么吃的？,to eat,What is there to eat?
E,das Essen,Essen/Trinken,Das Essen ist heute sehr gut.,食物；饭菜,今天的饭菜很好。,food; meal,The food is very good today.
E,euer,Person,Euer Kurs beginnt heute.,你们的,你们的课程今天开始。,your (plural informal),Your course begins today.
F,fahren,Reisen/Verkehr,Ich fahre mit dem Auto zur Arbeit.,行驶；乘车；开车,我开车去上班。,to drive; to travel,I drive to work by car.
F,der Fahrer,Reisen/Verkehr,Bitte nicht mit dem Fahrer sprechen!,司机,请不要和司机说话！,driver,Please do not speak with the driver!
F,"die Fahrkarte, -n",Reisen/Verkehr,Hast du schon eine Fahrkarte?,车票,你已经有车票了吗？,ticket,Do you already have a ticket?
F,"das Fahrrad, -ä, er",Reisen/Verkehr,Fährst du mit dem Fahrrad oder mit dem Auto?,自行车,你骑自行车还是开车？,bicycle,Are you going by bicycle or by car?
F,falsch,Allgemein/Grammatik,Das ist falsch.,错误的,这是错的。,wrong; false,That is wrong.
F,"die Familie, -n",Person,Meine Familie lebt in Spanien.,家庭；家人,我的家人住在西班牙。,family,My family lives in Spain.
F,der Familienname,Person,Meine Familiennamen sind García González.,姓,我的姓是加西亚·冈萨雷斯。,family name; surname,My surnames are García González.
F,der Familienstand,Person,Bei „Familienstand“ musst du „ledig“ ankreuzen.,婚姻状况,在“婚姻状况”那里你必须勾选“未婚”。,marital status,For marital status you have to tick single.
F,"die Farbe, -n",Einkaufen/Gebrauchsartikel,Die Farbe gefällt mir gut.,颜色,我喜欢这个颜色。,color,I like the color.
F,"das Fax, -e",Einkaufen/Gebrauchsartikel,Schicken Sie uns einfach ein Fax!,传真,直接给我们发一份传真吧！,fax,Just send us a fax!
F,Feier- feiern,Freizeit/Unterhaltung,"z. B. Feierabend, Feiertag | Am Montag ist Feiertag. | Wir feiern heute meinen Geburtstag.",庆祝；节日,例如下班时间、节日 | 星期一是节日。| 我们今天庆祝我的生日。,celebration; to celebrate,"For example: end of workday, holiday. | Monday is a holiday. | We are celebrating my birthday today."
F,fehlen,Gesundheit/Körper,"Herr Müller ist nicht da, er fehlt schon seit drei Tagen. | Was fehlt Ihnen?",缺少；不在；哪里不舒服,米勒先生不在，他已经缺席三天了。| 您哪里不舒服？,to be missing; to be wrong,Mr. Müller is not here; he has been absent for three days. | What is wrong with you?
F,"der Fehler, –",Erziehung/Ausbildung/Lernen,Diesen Fehler mache ich immer.,错误,这个错误我总是犯。,mistake; error,I always make this mistake.
F,fernsehen,Freizeit/Unterhaltung,Wollen wir heute Abend mal fernsehen?,看电视,我们今天晚上看会儿电视吗？,to watch television,Shall we watch television tonight?
F,fertig,Allgemein/Grammatik,Bist du fertig? | Ist mein Auto schon fertig?,完成的；准备好的,你准备好了吗？| 我的车已经修好了吗？,finished; ready,Are you finished? | Is my car ready yet?
F,das Feuer,Umwelt,Haben Sie Feuer?,火；打火机,您有火吗？,fire; lighter,Do you have a light?
F,das Fieber,Gesundheit/Körper,Mein Mann hat noch immer Fieber.,发烧,我丈夫还在发烧。,fever,My husband still has a fever.
F,"der Film, -e",Freizeit/Unterhaltung,Ich möchte gern diesen Film sehen.,电影,我想看这部电影。,film; movie,I would like to see this film.
F,finden,Allgemein/Grammatik,Wir müssen den Schlüssel finden.,找到；觉得,我们必须找到钥匙。,to find,We have to find the key.
F,die Firma,Arbeit/Beruf,Er arbeitet jetzt bei einer anderen Firma.,公司,他现在在另一家公司工作。,company,He now works at another company.
F,"die Flasche, -n",Essen/Trinken,"Eine Flasche Bier, bitte.",瓶子,请来一瓶啤酒。,bottle,"A bottle of beer, please."
F,das Fleisch,Essen/Trinken,Fleisch mag ich nicht.,肉,我不喜欢肉。,meat,I do not like meat.
F,fliegen,Reisen/Verkehr,Ich fliege nicht gern. Deshalb fahre ich mit dem Zug.,飞；乘飞机,我不喜欢坐飞机。所以我坐火车。,to fly,I do not like flying. That is why I go by train.
F,abfliegen,Reisen/Verkehr,Wann fliegst du ab?,起飞；出发,你什么时候起飞？,to depart by plane,When do you fly out?
F,der Abflug,Reisen/Verkehr,Der Abflug ist um 11.20 Uhr.,起飞；航班出发,起飞时间是11点20分。,departure by plane,The departure is at 11:20.
F,der Flughafen,Reisen/Verkehr,Kannst du mich zum Flughafen bringen?,机场,你能把我送到机场吗？,airport,Can you take me to the airport?
F,das Flugzeug,Reisen/Verkehr,Das Flugzeug aus Berlin kommt heute später an.,飞机,从柏林来的飞机今天晚点到达。,airplane,The plane from Berlin is arriving later today.
F,"das Formular, -e",Dienstleistungen,Sie müssen dieses Formular ausfüllen.,表格,您必须填写这张表格。,form,You have to fill out this form.
F,"das Foto, -s",Freizeit/Unterhaltung,Darf ich ein Foto machen?,照片,我可以拍一张照片吗？,photo,May I take a photo?
F,fragen,Kommunikation/Sprache,Er möchte Sie etwas fragen. Wann kommen Sie?,问,他想问您一些事情。您什么时候来？,to ask,He would like to ask you something. When are you coming?
F,"die Frage, -n",Kommunikation/Sprache,Ich habe eine Frage.,问题,我有一个问题。,question,I have a question.
F,"die Frau, -en",Person,"Das ist Frau Becker. | Guten Tag, Frau Schmitt! | Hier arbeiten mehr Frauen als Männer.",女士；女人；妻子,这是贝克女士。| 您好，施密特女士！| 这里工作的女人比男人多。,woman; Mrs.; wife,"This is Mrs. Becker. | Good day, Mrs. Schmitt! | More women than men work here."
F,frei,Allgemein/Grammatik,Ist der Platz noch frei?,空闲的；免费的,这个座位还空着吗？,free; available,Is the seat still free?
F,die Freizeit,Freizeit/Unterhaltung,In meiner Freizeit spiele ich oft Fußball.,业余时间,在我的业余时间，我经常踢足球。,free time,In my free time I often play soccer.
F,fremd,Allgemein/Grammatik,Das weiß ich nicht; ich bin fremd hier.,陌生的；外来的,我不知道；我在这里是外地人。,foreign; unfamiliar,I do not know that; I am a stranger here.
F,(sich) freuen,Freizeit/Unterhaltung,Ich freue mich auf den Urlaub.,高兴；期待,我期待假期。,to be happy; to look forward,I am looking forward to the vacation.
F,"der Freund, -e",Person,Das ist ein Freund von mir. | Das ist meine Freundin.,朋友；男朋友；女朋友,这是我的一个朋友。| 这是我的女朋友。,friend,This is a friend of mine. | This is my girlfriend.
F,früher,Zeit/Datum,Früher waren wir oft zusammen im Kino.,以前,以前我们经常一起去电影院。,earlier; formerly,In the past we were often at the cinema together.
F,frühstücken,Essen/Trinken,Am Sonntag frühstücke ich gern im Bett.,吃早餐,星期天我喜欢在床上吃早餐。,to have breakfast,On Sundays I like to have breakfast in bed.
F,das Frühstück,Essen/Trinken,Möchtest du ein Ei zum Frühstück?,早餐,早餐你想要一个鸡蛋吗？,breakfast,Would you like an egg for breakfast?
F,die Führung,Reisen/Verkehr,Die Führung durch das Haus beginnt in 3 Minuten.,导览；带领参观,房屋导览三分钟后开始。,guided tour,The guided tour through the building begins in 3 minutes.
F,für,Allgemein/Grammatik,Das ist für Sie. | Das ist der Schlüssel für die Haustür. | Das ist das Brot für morgen.,为了；给,这是给您的。| 这是房门的钥匙。| 这是明天的面包。,for,This is for you. | This is the key for the front door. | This is the bread for tomorrow.
F,"der Fuß, -ü, e",Gesundheit/Körper,Der linke Fuß tut mir weh.,脚,我的左脚疼。,foot,My left foot hurts.
F,der Fußball,Freizeit/Unterhaltung,Spielt ihr gerne Fußball?,足球,你们喜欢踢足球吗？,soccer; football,Do you like playing soccer?
G,der Garten,Wohnen,Wir haben leider keinen Garten.,花园,很遗憾，我们没有花园。,garden,Unfortunately we do not have a garden.
G,"der Gast, -ä, e",Essen/Trinken,Am Wochenende haben wir mehrere Gäste.,客人,周末我们有好几位客人。,guest,We have several guests at the weekend.
G,geben,Allgemein/Grammatik,Kannst du mir bitte deinen Kugelschreiber geben? | Es gibt keine Karten mehr.,给；有,你能把你的圆珠笔给我吗？| 已经没有票了。,to give,Can you please give me your pen? | There are no tickets left.
G,geboren,Person,Ich bin in Zagreb geboren.,出生的,我出生在萨格勒布。,born,I was born in Zagreb.
G,das Geburtsjahr,Person,"Das Geburtsjahr Ihres Sohnes, bitte?",出生年份,请问您儿子的出生年份？,year of birth,"Your son's year of birth, please?"
G,der Geburtsort,Person,Bitte schreiben Sie Ihren Geburtsort auf das Formular.,出生地,请把您的出生地写在表格上。,place of birth,Please write your place of birth on the form.
G,der Geburtstag,Person,Herzlichen Glückwunsch zum Geburtstag!,生日,祝你生日快乐！,birthday,Happy birthday!
G,gefallen,Allgemein/Grammatik,Das gefällt mir.,喜欢；合意,我喜欢这个。,to please; to like,I like that.
G,gegen,Allgemein/Grammatik,Fahr nicht gegen den Baum! | Ich bin gegen diese Lösung. | Wer spielt gegen wen?,反对；撞到；对阵,别撞到树！| 我反对这个方案。| 谁对谁比赛？,against; around,Do not drive into the tree! | I am against this solution. | Who is playing against whom?
G,gehen,Allgemein/Grammatik,"Ich weiß nicht, wie das geht. | Wie geht‘s? | Jetzt muss ich (aber) leider gehen. | Ich muss zum Arzt gehen. | Das geht nicht!",去；走；进行,我不知道这怎么做。| 你好吗？| 现在我很遗憾必须走了。| 我必须去看医生。| 这不行！,to go; to work,I do not know how that works. | How are you? | Now I unfortunately have to go. | I have to go to the doctor. | That does not work!
G,gehören,Allgemein/Grammatik,Wem gehört das?,属于,这属于谁？,to belong,Who does that belong to?
G,das Geld,Einkaufen/Gebrauchsartikel,Hast du noch Geld?,钱,你还有钱吗？,money,Do you still have money?
G,das Gepäck,Reisen/Verkehr,Wollen Sie Ihr Gepäck mitnehmen?,行李,您要带上您的行李吗？,luggage,Do you want to take your luggage with you?
G,gerade,Allgemein/Grammatik,Da kommt er ja gerade.,刚刚；正好,他正好来了。,just; right now,There he is just coming now.
G,geradeaus,Reisen/Verkehr,Gehen Sie immer geradeaus!,一直往前,请一直往前走！,straight ahead,Always go straight ahead!
G,gern(e),Allgemein/Grammatik,Ich gehe gerne einkaufen.,喜欢地；愿意,我喜欢去购物。,gladly; like to,I like going shopping.
G,"das Geschäft, -e",Einkaufen/Gebrauchsartikel,Die Geschäfte schließen um 18.30 Uhr.,商店；生意,商店18点30分关门。,shop; business,The shops close at 6:30 p.m.
G,"das Geschenk, -e",Einkaufen/Gebrauchsartikel,Danke für das schöne Geschenk.,礼物,谢谢这个漂亮的礼物。,gift,Thank you for the beautiful gift.
G,die Geschwister (pl.),Person,Ich habe leider keine Geschwister.,兄弟姐妹,很遗憾，我没有兄弟姐妹。,siblings,Unfortunately I do not have any siblings.
G,"das Gespräch, -e",Kommunikation/Sprache,Das Gespräch mit Frau Kunz ist um 14 Uhr.,谈话,和昆茨女士的谈话在14点。,conversation; appointment,The conversation with Ms. Kunz is at 2 p.m.
G,gestern,Zeit/Datum,Gestern war ich krank.,昨天,昨天我病了。,yesterday,Yesterday I was sick.
G,gestorben,Person,Meine Frau ist gestern gestorben.,去世的,我的妻子昨天去世了。,dead; died,My wife died yesterday.
G,"das Getränk, -e",Essen/Trinken,Mein Lieblingsgetränk ist Tomatensaft.,饮料,我最喜欢的饮料是番茄汁。,drink; beverage,My favorite drink is tomato juice.
G,das Gewicht,Person,Bei „Gewicht“ schreibst du: 62 Kilo.,体重,在“体重”那里你写：62公斤。,weight,"For weight, write: 62 kilos."
G,gewinnen,Freizeit/Unterhaltung,Wer gewinnt das Spiel?,赢,谁赢得比赛？,to win,Who wins the game?
G,"das Glas, -ä, er",Essen/Trinken,Bitte noch ein Glas Wein! | Wir brauchen noch drei Gläser.,玻璃杯；杯,请再来一杯葡萄酒！| 我们还需要三个玻璃杯。,glass,"Another glass of wine, please! | We still need three glasses."
G,glauben,Allgemein/Grammatik,"Sie können mir glauben, es ist so. | Ich glaube, er kommt gleich.",相信；认为,您可以相信我，情况就是这样。| 我想他马上来。,to believe,You can believe me; it is true. | I think he is coming soon.
G,gleich,Allgemein/Grammatik,Das ist mir gleich. | Das ist der gleiche Preis. | Ich komme gleich.,相同的；马上；无所谓,对我来说都一样。| 价格一样。| 我马上来。,same; right away; indifferent,It is all the same to me. | That is the same price. | I will come right away.
G,"das Gleis, -e",Reisen/Verkehr,Der ICE nach Berlin hält heute an Gleis 12.,站台；轨道,今天去柏林的ICE停在12号站台。,track; platform,The ICE to Berlin stops at platform 12 today.
G,das Glück,Allgemein/Grammatik,Viel Glück!,好运；幸福,祝你好运！,luck,Good luck!
G,glücklich,Allgemein/Grammatik,Meine Kinder sind glücklich verheiratet.,幸福的；开心的,我的孩子们婚姻幸福。,happy,My children are happily married.
G,der Glückwunsch,Kommunikation/Sprache,Herzlichen Glückwunsch zum Geburtstag.,祝贺,衷心祝贺你生日快乐。,congratulation,Congratulations on your birthday.
G,Grad (Celsius),Umwelt,Heute haben wir dreißig Grad.,度（摄氏）,今天有三十度。,degree Celsius,Today it is thirty degrees.
G,gratulieren,Kommunikation/Sprache,Ich gratuliere dir!,祝贺,我祝贺你！,to congratulate,I congratulate you!
G,grillen,Essen/Trinken,Heute grillen wir im Garten.,烧烤,今天我们在花园里烧烤。,to grill; barbecue,Today we are grilling in the garden.
G,groß,Person,Mein Bruder und ich sind gleich groß. | Frankfurt ist eine große Stadt.,大的；高的,我哥哥和我一样高。| 法兰克福是一座大城市。,big; tall,My brother and I are the same height. | Frankfurt is a big city.
G,die Größe,Person,Haben Sie das auch in Größe 40?,尺码；大小,这个也有40码吗？,size,Do you also have that in size 40?
G,die Großeltern (pl.),Person,Meine Großeltern leben in Japan.,祖父母；外祖父母,我的祖父母住在日本。,grandparents,My grandparents live in Japan.
G,die Großmutter,Person,Meine Großmutter heißt Eva.,祖母；外祖母,我的祖母叫埃娃。,grandmother,My grandmother's name is Eva.
G,der Großvater,Person,Mein Großvater ist schon 80.,祖父；外祖父,我的祖父已经80岁了。,grandfather,My grandfather is already 80.
G,"die Gruppe, -n",Person,Die erste Gruppe beginnt um 16 Uhr.,小组；团体,第一组16点开始。,group,The first group begins at 4 p.m.
G,"der Gruß, -ü, e",Kommunikation/Sprache,Viele Grüße an Ihre Frau. | Mit freundlichen Grüßen,问候,代我向您太太问好。| 致以友好的问候。,greeting,Greetings to your wife. | Kind regards.
G,gültig,Allgemein/Grammatik,Der Pass ist nicht mehr gültig.,有效的,护照已经无效了。,valid,The passport is no longer valid.
G,günstig,Einkaufen/Gebrauchsartikel,Dort gibt es günstige Angebote.,便宜的；划算的,那里有便宜的优惠。,cheap; good value,There are inexpensive offers there.
G,gut,Allgemein/Grammatik,Das finde ich gut. | Ich komme um 13 Uhr. – Gut! | Guten Morgen! | Ein gutes neues Jahr! | Guten Appetit!,好的,我觉得这很好。| 我13点来。——好！| 早上好！| 新年好！| 祝您好胃口！,good,I think that is good. | I will come at 1 p.m. - Good! | Good morning! | Happy New Year! | Enjoy your meal!
H,"das Haar, -e",Person,Sie hat lange Haare.,头发,她有长头发。,hair,She has long hair.
H,haben,Allgemein/Grammatik,Ich habe ein neues Auto.,有,我有一辆新车。,to have,I have a new car.
H,"das Hähnchen, - die Halbpension",Essen/Trinken,Ein Hähnchen mit Pommes bitte! | Möchten Sie Vollpension oder Halbpension?,烤鸡；半膳,请来一份烤鸡配薯条！| 您要全膳还是半膳？,chicken; half board,"Chicken with fries, please! | Would you like full board or half board?"
H,die Halle,Allgemein/Grammatik,Wir treffen uns in Halle B,大厅,我们在B大厅见。,hall,We are meeting in Hall B.
H,halten,Allgemein/Grammatik,Dieser Zug hält nicht in Rüdesheim.,停靠；停下,这列火车不停靠吕德斯海姆。,to stop; to hold,This train does not stop in Rüdesheim.
H,die Haltestelle,Reisen/Verkehr,An der nächsten Haltestelle müssen Sie aussteigen.,车站；停靠站,您必须在下一站下车。,stop; station,You have to get off at the next stop.
H,"die Hand, -ä, e",Gesundheit/Körper,Er gibt mir die Hand.,手,他和我握手。,hand,He shakes my hand.
H,"das Handy, -s",Dienstleistungen,In der Schule bitte die Handys ausmachen!,手机,在学校请关掉手机！,mobile phone,Please turn off mobile phones in school!
H,"das Haus, -ä, er",Wohnen,In welchem Haus wohnst du? | Ich gehe jetzt nach Hause. | Paul ist nicht zu Hause.,房子；家,你住在哪栋房子里？| 我现在回家。| 保罗不在家。,house; home,Which house do you live in? | I am going home now. | Paul is not at home.
H,"die Hausaufgabe,-n",Erziehung/Ausbildung/Lernen,Kannst du mir bei den Hausaufgaben helfen?,家庭作业,你能帮我做家庭作业吗？,homework,Can you help me with the homework?
H,"die Hausfrau, -en/der Hausmann",Arbeit/Beruf,"Die Hausfrau/der Hausmann wäscht, kocht und kauft | ein.",家庭主妇；家庭主夫,家庭主妇/家庭主夫洗衣、做饭和购物。,housewife; househusband,"The housewife/househusband washes, cooks, and shops."
H,die Heimat,Person,Ich komme aus der Schweiz. Das ist meine Heimat.,家乡,我来自瑞士。那是我的家乡。,home; homeland,I come from Switzerland. That is my home country.
H,heiraten,Person,Meine Schwester heiratet einen Japaner.,结婚,我姐姐要嫁给一个日本人。,to marry,My sister is marrying a Japanese man.
H,heißen,Allgemein/Grammatik,Ich heiße Charlotte Meier. | Wie heißt das auf Deutsch?,叫；意思是,我叫夏洛特·迈尔。| 这个用德语怎么说？,to be called; to mean,My name is Charlotte Meier. | What is that called in German?
H,helfen,Allgemein/Grammatik,"Können Sie mir helfen, bitte?",帮助,您能帮我吗？,to help,"Can you help me, please?"
H,hell,Allgemein/Grammatik,Im Sommer ist es bis 21 Uhr hell.,明亮的,夏天到21点天还亮。,bright; light,In summer it is light until 9 p.m.
H,der Herd,Wohnen,In der neuen Küche fehlt noch der Herd.,炉灶,新厨房里还缺炉灶。,stove,The stove is still missing in the new kitchen.
H,"der Herr, -en",Person,"Guten Tag, Herr Sommer!",先生,您好，索默先生！,Mr.; gentleman,"Good day, Mr. Sommer!"
H,herzlich,Allgemein/Grammatik,Herzlichen Glückwunsch!,衷心的,衷心祝贺！,hearty; cordial,Congratulations!
H,heute,Zeit/Datum,Heute ist ein schöner Tag.,今天,今天是美好的一天。,today,Today is a beautiful day.
H,hier,Allgemein/Grammatik,"Hier ist 06131-553221, Pamela Linke. | Hier wohne ich.",这里,这里是06131-553221，帕梅拉·林克。| 我住在这里。,here,"This is 06131-553221, Pamela Linke. | I live here."
H,die Hilfe,Allgemein/Grammatik,Hilfe! Bitte helfen Sie mir! | Brauchen Sie meine Hilfe?,帮助,救命！请帮帮我！| 您需要我的帮助吗？,help,Help! Please help me! | Do you need my help?
H,hinten,Allgemein/Grammatik,Die Tür zum Aussteigen ist hinten.,后面,下车的门在后面。,at the back,The door for getting off is at the back.
H,"das Hobby, -s",Freizeit/Unterhaltung,Meine Hobbys sind Wandern und Schwimmen.,爱好,我的爱好是徒步和游泳。,hobby,My hobbies are hiking and swimming.
H,hoch,Person,Der Mount Everest ist 8.880 Meter hoch.,高的,珠穆朗玛峰高8880米。,high; tall,"Mount Everest is 8,880 meters high."
H,die Hochzeit,Person,Zur dieser Hochzeit kommen mehr als fünfzig Gäste.,婚礼,会有五十多位客人来参加这场婚礼。,wedding,More than fifty guests are coming to this wedding.
H,holen,Allgemein/Grammatik,Ich hole zwei Flaschen Wasser aus der Küche.,去拿；取来,我从厨房拿两瓶水。,to fetch; to get,I am getting two bottles of water from the kitchen.
H,hören,Kommunikation/Sprache,Hör mal! Was ist das? | Ich habe das Lied schon mal gehört.,听,听！那是什么？| 我已经听过这首歌。,to hear,Listen! What is that? | I have heard the song before.
H,"das Hotel, -s",Reisen/Verkehr,Im Urlaub sind wir in einem Hotel am Meer.,酒店,假期我们住在海边的一家酒店。,hotel,On vacation we are staying in a hotel by the sea.
H,"der Hund, -e",Umwelt,Der Hund ist noch jung.,狗,这只狗还小。,dog,The dog is still young.
H,der Hunger,Essen/Trinken,Ich habe Hunger! Wann ist das Essen fertig?,饥饿,我饿了！饭什么时候好？,hunger,I am hungry! When is the food ready?
I,ich,Person,Ich heiße Veronika.,我,我叫维罗妮卡。,I,My name is Veronika.
I,ihr/ihm/ihn,Person,Gib ihr/ihm bitte das Buch. | Ruf ihn bitte an.,她/他/他（宾格）,请把书给她/他。| 请给他打电话。,her; him,Please give her/him the book. | Please call him.
I,immer,Zeit/Datum,Frau Bast kommt immer zu spät.,总是,巴斯特女士总是迟到。,always,Ms. Bast is always late.
I,in,Allgemein/Grammatik,"Ich wohne in Wiesbaden. | Der Zug kommt in fünf Minuten. | Frau Rausch arbeitet in einem Geschäft. | Komm, wir gehen ins Kino.",在……里；到……后,我住在威斯巴登。| 火车五分钟后到。| 劳施女士在一家商店工作。| 来，我们去电影院。,in; into,"I live in Wiesbaden. | The train comes in five minutes. | Ms. Rausch works in a shop. | Come on, we are going to the cinema."
I,"die Information, -en",Kommunikation/Sprache,"Wenn Sie Fragen haben, gehen Sie zur Information. | Wir haben hier wichtige Informationen für Sie.",信息；咨询处,如果您有问题，请去咨询处。| 我们这里有重要信息给您。,information,"If you have questions, go to the information desk. | We have important information for you here."
I,international,Allgemein/Grammatik,"Unser Deutschkurs ist international: Silvana kommt | aus Italien, Conchi aus Spanien, Yin aus China...",国际的,我们的德语课很国际化：西尔瓦娜来自意大利，孔奇来自西班牙，尹来自中国……,international,"Our German course is international: Silvana is from Italy, Conchi from Spain, Yin from China..."
I,das Internet,Freizeit/Unterhaltung,Das findest du im Internet.,互联网,你可以在互联网上找到这个。,internet,You can find that on the internet.
J,ja,Allgemein/Grammatik,Sind Sie Herr Watanabe? – Ja.,是的,您是渡边先生吗？——是的。,yes,Are you Mr. Watanabe? - Yes.
J,"die Jacke, -n",Einkaufen/Gebrauchsartikel,Zieh dir eine Jacke an. Es ist kalt.,夹克,穿上一件夹克。天气冷。,jacket,Put on a jacket. It is cold.
J,jed- jetzt,Zeit/Datum,Blumen kannst du in jedem Bahnhof kaufen. | Jetzt machen wir eine Pause.,每个；现在,花你可以在每个火车站买到。| 现在我们休息一下。,each; every; now,You can buy flowers in every train station. | Now we are taking a break.
J,"der Job, -s",Arbeit/Beruf,Jenny hat einen neuen Job bei der Post.,工作；职位,珍妮在邮局有了一份新工作。,job,Jenny has a new job at the post office.
J,"der Jugendliche, -n",Person,Viele Jugendliche kaufen gern ein.,青少年,很多青少年喜欢购物。,young person; teenager,Many young people like shopping.
J,jung,Person,Claudia ist 21. – Was? Noch so jung?,年轻的,克劳迪娅21岁。——什么？还这么年轻？,young,Claudia is 21. What? Still so young?
J,"der Junge, -n",Person,Ich habe zwei Kinder. Einen Jungen und ein Mädchen.,男孩,我有两个孩子。一个男孩和一个女孩。,boy,I have two children: a boy and a girl.
K,der Kaffee,Essen/Trinken,Zum Frühstück trinke ich immer Kaffee.,咖啡,早餐我总是喝咖啡。,coffee,I always drink coffee for breakfast.
K,kaputt,Allgemein/Grammatik,Das Glas war teuer. Es geht sehr leicht kaputt.,坏了的,这个玻璃杯很贵。它很容易坏。,broken,The glass was expensive. It breaks very easily.
K,"die Karte, -n",Reisen/Verkehr,"Ich schreibe meinen Bekannten eine Karte aus dem | Urlaub. | Wollen wir Karten spielen? | Ich möchte auch etwas essen. Bringen Sie mir die Karte, | bitte.",卡片；地图；菜单,我从假期给熟人写一张明信片。| 我们玩牌吗？| 我也想吃点东西。请把菜单给我。,card; menu; map,"I am writing a card to my acquaintances from vacation. | Shall we play cards? | I would also like something to eat. Bring me the menu, please."
K,"(Kredit)-Karte, -n",Einkaufen/Gebrauchsartikel,Kann ich auch mit Karte (be-) zahlen?,信用卡；卡,我也可以用卡付款吗？,credit card; card,Can I also pay by card?
K,"die Kartoffel, -n",Essen/Trinken,Für Pommes frites braucht man Kartoffeln.,土豆,做薯条需要土豆。,potato,You need potatoes for French fries.
K,die Kasse,Einkaufen/Gebrauchsartikel,Zahlen Sie bitte an der Kasse.,收银台,请在收银台付款。,cash register; checkout,Please pay at the checkout.
K,kaufen,Einkaufen/Gebrauchsartikel,Tim kauft sich ein neues Auto.,买,蒂姆给自己买了一辆新车。,to buy,Tim is buying himself a new car.
K,kein,Allgemein/Grammatik,Es gibt keine Eintrittskarten mehr.,没有；不是一个,已经没有入场券了。,no; not any,There are no admission tickets left.
K,kennen,Allgemein/Grammatik,"Kennen Sie diese Frau? – Nein, leider nicht.",认识；知道,您认识这位女士吗？——不，很遗憾不认识。,to know; to be acquainted with,"Do you know this woman? - No, unfortunately not."
K,kennenlernen,Erziehung/Ausbildung/Lernen,Wir sind neu hier. Wir möchten Sie kennenlernen.,认识；结识,我们是新来的。我们想认识您。,to get to know,We are new here. We would like to get to know you.
K,"das Kind, -er",Person,Wie viele Kinder haben Sie?,孩子,您有几个孩子？,child,How many children do you have?
K,der Kindergarten,Wohnen,Die kleine Laura geht schon in den Kindergarten.,幼儿园,小劳拉已经上幼儿园了。,kindergarten,Little Laura already goes to kindergarten.
K,"das Kino, -s",Freizeit/Unterhaltung,Wir sehen heute Abend im Kino einen schönen Film.,电影院,我们今晚在电影院看一部好电影。,cinema,Tonight we are seeing a nice film at the cinema.
K,der Kiosk,Allgemein/Grammatik,"Am Kiosk bekommen Sie Getränke, Zigaretten und | Zeitungen.",小卖亭,在小卖亭可以买到饮料、香烟和报纸。,kiosk,"At the kiosk you can get drinks, cigarettes, and newspapers."
K,klar,Allgemein/Grammatik,Kommst du mit? – Klar!,清楚的；当然,你一起去吗？——当然！,clear; of course,Are you coming along? - Of course!
K,die Klasse,Erziehung/Ausbildung/Lernen,In unserer Klasse sind fünfundzwanzig Schüler. | Im Zug fahre ich immer 2. Klasse.,班级；等级,我们班有二十五名学生。| 坐火车我总是坐二等座。,class; grade,There are twenty-five students in our class. | On the train I always travel second class.
K,die Kleidung,Einkaufen/Gebrauchsartikel,"Wo finde ich Kleidung? – Jacken im ersten, Jeans im | zweiten Stock.",衣服,我在哪里能找到衣服？——夹克在一楼，牛仔裤在二楼。,clothing,"Where can I find clothing? Jackets on the first floor, jeans on the second floor."
K,klein,Person,Eltville ist eine kleine Stadt am Rhein.,小的,埃尔特维勒是莱茵河边的一座小城。,small,Eltville is a small town on the Rhine.
K,kochen,Essen/Trinken,Herr Georgi kann gut kochen.,做饭,格奥尔基先生很会做饭。,to cook,Mr. Georgi can cook well.
K,"der Koffer, –",Reisen/Verkehr,Ist das Ihr Koffer?,行李箱,这是您的行李箱吗？,suitcase,Is that your suitcase?
K,"der Kollege, -n",Arbeit/Beruf,Wie heißt die neue Kollegin?,同事,新女同事叫什么名字？,colleague,What is the new colleague's name?
K,kommen,Allgemein/Grammatik,Woher kommen Sie? – Aus Frankreich. | Kommst du mit ins Schwimmbad?,来；来自,您来自哪里？——来自法国。| 你一起去游泳池吗？,to come,Where do you come from? - From France. | Are you coming along to the swimming pool?
K,können,Allgemein/Grammatik,Ich kann Deutsch und Russisch. | Können Sie mir helfen?,能够；会,我会德语和俄语。| 您能帮我吗？,can; to be able to,I can speak German and Russian. | Can you help me?
K,das Konto,Dienstleistungen,Das Geld überweisen wir am ersten März auf Ihr Konto.,账户,我们三月一日把钱转到您的账户上。,account,We will transfer the money to your account on March first.
K,der Kopf,Gesundheit/Körper,Mein Kopf tut weh!,头,我的头疼！,head,My head hurts!
K,kosten,Einkaufen/Gebrauchsartikel,Wie viel kostet das? – 10 Euro.,花费；价格是,这多少钱？——10欧元。,to cost,How much does that cost? - 10 euros.
K,krank,Gesundheit/Körper,"Ich kann heute nicht zur Arbeit kommen, ich bin krank | und liege im Bett.",生病的,我今天不能来上班，我病了，躺在床上。,sick,I cannot come to work today; I am sick and lying in bed.
K,kriegen,Allgemein/Grammatik,Ich kriege 15 Euro in der Stunde für meine Arbeit.,得到；挣得,我的工作每小时挣15欧元。,to get; to receive,I get 15 euros an hour for my work.
K,die Küche,Wohnen,Der neue Herd kommt in die Küche.,厨房,新炉灶放进厨房。,kitchen,The new stove goes in the kitchen.
K,der Kugelschreiber,Einkaufen/Gebrauchsartikel,Hast du einen Kugelschreiber für mich?,圆珠笔,你有一支圆珠笔给我吗？,ballpoint pen,Do you have a ballpoint pen for me?
K,der Kühlschrank,Wohnen,"Haben wir noch Milch? – Ja, im Kühlschrank.",冰箱,我们还有牛奶吗？——有，在冰箱里。,refrigerator,"Do we still have milk? - Yes, in the refrigerator."
K,kulturell,Freizeit/Unterhaltung,Ich bin kulturell interessiert. Ich gehe oft ins Museum.,文化的,我对文化感兴趣。我经常去博物馆。,cultural,I am interested in culture. I often go to the museum.
K,sich kümmern,Allgemein/Grammatik,Jede Mutter kümmert sich um ihre kleinen Kinder.,照顾；关心,每位母亲都照顾自己的小孩子。,to take care of,Every mother takes care of her small children.
K,"der Kunde, -n",Einkaufen/Gebrauchsartikel,"Einen Moment, bitte. Ich habe eine Kundin.",顾客,请稍等。我有一位女顾客。,customer,"One moment, please. I have a customer."
K,"der Kurs, -e",Erziehung/Ausbildung/Lernen,Der Deutschkurs geht bis zum Sommer.,课程,德语课程一直到夏天。,course,The German course runs until summer.
K,kurz,Allgemein/Grammatik,Ricardo hat kurzes Haar.,短的,里卡多有短头发。,short,Ricardo has short hair.
L,lachen,Freizeit/Unterhaltung,Die Kinder lachen viel.,笑,孩子们笑得很多。,to laugh,The children laugh a lot.
L,"der Laden, -ä",Einkaufen/Gebrauchsartikel,Im Buchladen können Sie Bücher kaufen.,商店,在书店可以买书。,shop; store,You can buy books in the bookstore.
L,"das Land, -ä, er",Umwelt,Italien ist ein schönes Land.,国家；乡村,意大利是一个美丽的国家。,country; land,Italy is a beautiful country.
L,lang,Allgemein/Grammatik,Die Jeans ist zu lang.,长的,这条牛仔裤太长了。,long,The jeans are too long.
L,lange,Zeit/Datum,Wie lange fährt der Zug von Hamburg nach Berlin?,长时间,从汉堡到柏林火车要开多久？,for a long time; long,How long does the train take from Hamburg to Berlin?
L,langsam,Allgemein/Grammatik,Könnten Sie bitte etwas langsamer sprechen?,慢慢地,您能说得稍微慢一点吗？,slow,Could you please speak a little more slowly?
L,laufen,Allgemein/Grammatik,"Ich möchte nicht Auto fahren, ich möchte laufen.",跑；走路,我不想开车，我想步行。,to run; to walk,I do not want to drive; I want to walk.
L,laut,Allgemein/Grammatik,Nicht so laut! Das Baby schläft.,大声的；吵的,别这么大声！宝宝在睡觉。,loud,Not so loud! The baby is sleeping.
L,leben,Allgemein/Grammatik,Sie lebt bei ihrer Schwester. | Ihre Eltern leben nicht mehr.,生活；活着,她和姐姐住在一起。| 她的父母已经不在人世了。,to live,She lives with her sister. | Her parents are no longer alive.
L,das Leben,Allgemein/Grammatik,Das Leben in diesem Land ist teuer.,生活,这个国家的生活很贵。,life,Life in this country is expensive.
L,die Lebens- mittel (pl.),Essen/Trinken,Lebensmittel bekommen Sie im Supermarkt.,食品,食品可以在超市买到。,groceries; food,You can get groceries at the supermarket.
L,ledig,Person,Sind Sie verheiratet? – Nein. Ledig.,未婚的,您结婚了吗？——没有，未婚。,single; unmarried,Are you married? - No. Single.
L,legen,Allgemein/Grammatik,Legen Sie das Buch auf den Tisch.,放置；平放,请把书放在桌子上。,to lay; to put,Put the book on the table.
L,"der Lehrer, –",Erziehung/Ausbildung/Lernen,Unsere Deutschlehrerin heißt Frau Müller.,老师,我们的德语女老师叫米勒女士。,teacher,Our German teacher is called Ms. Müller.
L,leicht,Allgemein/Grammatik,Der Koffer ist leicht. | Deutsch ist nicht leicht.,轻的；容易的,这个行李箱很轻。| 德语不容易。,light; easy,The suitcase is light. | German is not easy.
L,leider,Allgemein/Grammatik,Leider kann ich nicht kommen. Ich muss zum Arzt.,遗憾地,很遗憾我不能来。我必须去看医生。,unfortunately,Unfortunately I cannot come. I have to go to the doctor.
L,leise,Allgemein/Grammatik,Seid leise. Die anderen schlafen schon.,小声的；安静的,安静点。其他人已经睡了。,quiet,Be quiet. The others are already sleeping.
L,lernen,Erziehung/Ausbildung/Lernen,Wie lange lernen Sie schon Deutsch?,学习,你学德语多久了？,to learn,How long have you been learning German?
L,lesen,Freizeit/Unterhaltung,Ich lese ein Buch von García Márquez.,读；阅读,我在读加西亚·马尔克斯的一本书。,to read,I am reading a book by García Márquez.
L,letzt- die Leute (pl.),Person,Morgen ist der letzte Kurstag. | In der Disko sind viele Leute.,最后的；人们,明天是最后一节课。| 迪斯科里有很多人。,last; people,Tomorrow is the last day of the course. | There are many people in the disco.
L,das Licht,Wohnen,Wo macht man hier das Licht an?,灯；光,这里在哪里开灯？,light,Where do you turn on the light here?
L,lieb- lieben,Allgemein/Grammatik,"Liebe Susanne, lieber Hans, | Ich liebe dich!",亲爱的；爱,亲爱的苏珊娜，亲爱的汉斯，| 我爱你！,dear; to love,"Dear Susanne, dear Hans, | I love you!"
L,lieber,Allgemein/Grammatik,Sie fährt lieber mit der Bahn.,更愿意,她更愿意坐火车。,preferably; rather,She prefers to travel by train.
L,"Lieblings- das Lied, -er",Freizeit/Unterhaltung,Mein Lieblingsfilm ist „Schwarze Augen“. | Welches ist dein Lieblingslied?,最喜欢的；歌曲,我最喜欢的电影是《黑眼睛》。| 你最喜欢的歌是哪一首？,favorite; song,My favorite film is Black Eyes. | Which is your favorite song?
L,liegen,Allgemein/Grammatik,Um neun Uhr liegt Judith noch im Bett. | Frankfurt liegt am Main.,躺；位于,九点钟朱迪特还躺在床上。| 法兰克福位于美因河畔。,to lie; to be located,At nine o'clock Judith is still lying in bed. | Frankfurt is located on the Main.
L,links,Allgemein/Grammatik,Gehen Sie die nächste Straße links.,左边,请在下一条街向左走。,left,Take the next street left.
L,"der Lkw, -s",Reisen/Verkehr,Dieser Lastkraftwagen ist sehr groß.,卡车,这辆卡车非常大。,truck,This truck is very large.
L,das Lokal,Essen/Trinken,In unserer Straße gibt es ein neues Lokal.,餐馆；小店,我们街上有一家新餐馆。,pub; restaurant,There is a new restaurant in our street.
L,"die Lösung, -en",Erziehung/Ausbildung/Lernen,Die Lösung ist ganz einfach.,解决办法；答案,解决办法很简单。,solution,The solution is very simple.
L,lustig,Allgemein/Grammatik,Frau Mertens ist lustig. Sie lacht immer.,有趣的,默滕斯女士很有趣。她总是笑。,funny,Ms. Mertens is funny. She always laughs.
M,machen,Allgemein/Grammatik,Was machst du heute Abend? | Das macht 5 Euro 95. | Das macht nichts.,做；总共是,你今天晚上做什么？| 一共5欧元95分。| 没关系。,to do; to make,What are you doing tonight? | That comes to 5 euros 95. | That does not matter.
M,"das Mädchen, –",Person,Familie Kurz bekommt ein Baby. – Junge oder Mädchen?,女孩,库尔茨家要有宝宝了。——男孩还是女孩？,girl,The Kurz family is having a baby. Boy or girl?
M,man,Allgemein/Grammatik,Hier darf man nicht rauchen.,人们；可以,这里不可以吸烟。,one; people; you,One is not allowed to smoke here.
M,"der Mann, -ä, er",Person,Mein Mann arbeitet bei der Polizei.,男人；丈夫,我丈夫在警察局工作。,man; husband,My husband works for the police.
M,männlich,Person,Kreuzen Sie bitte an: „weiblich“ oder „männlich“.,男性的,请勾选：“女性”或“男性”。,male,Please tick: female or male.
M,"die Maschine, -n",Einkaufen/Gebrauchsartikel,Die Waschmaschine ist günstig.,机器,这台洗衣机很便宜。,machine,The washing machine is inexpensive.
M,das Meer,Umwelt,Wir machen Urlaub am Meer.,海,我们去海边度假。,sea,We are going on vacation by the sea.
M,mehr,Allgemein/Grammatik,Dieses Auto kostet 1.000 Euro mehr als das andere.,更多；再,这辆车比另一辆贵1000欧元。,more,"This car costs 1,000 euros more than the other one."
M,mein,Person,Mein Vater ist Arzt.,我的,我的父亲是医生。,my,My father is a doctor.
M,"meist- der Mensch, -en",Person,Die meisten Norddeutschen sind sehr groß. | Die Menschen sind hier anders als bei uns.,大多数；人,大多数北德人很高。| 这里的人和我们那里不一样。,most; person; human,Most northern Germans are very tall. | People are different here than where we come from.
M,mieten,Wohnen,Ich möchte ein Auto mieten.,租用,我想租一辆车。,to rent,I would like to rent a car.
M,die Miete,Wohnen,Die Miete für diese Wohnung ist 600 Euro.,房租,这套公寓的租金是600欧元。,rent,The rent for this apartment is 600 euros.
M,die Milch,Essen/Trinken,Die Milch steht im Kühlschrank.,牛奶,牛奶在冰箱里。,milk,The milk is in the refrigerator.
M,mit,Allgemein/Grammatik,Trinken Sie den Kaffee mit Milch?,和；带有,您喝咖啡加牛奶吗？,with,Do you drink coffee with milk?
M,mitbringen,Allgemein/Grammatik,Ich gehe einkaufen. Soll ich dir was mitbringen?,带来,我去购物。要我给你带点什么吗？,to bring along,I am going shopping. Should I bring you something?
M,mitkommen,Allgemein/Grammatik,Ich gehe ins Kino. Kommst du mit?,一起去,我去电影院。你一起去吗？,to come along,I am going to the cinema. Are you coming along?
M,mitmachen,Allgemein/Grammatik,Warum macht ihr nicht mit?,参加,你们为什么不参加？,to join in; to take part,Why are you not joining in?
M,mitnehmen,Allgemein/Grammatik,Nehmen wir meine Schwester ins Kino mit?,带上,我们带我妹妹一起去电影院吗？,to take along,Shall we take my sister to the cinema?
M,die Mitte,Allgemein/Grammatik,Der Lehrer steht in der Mitte des Klassenzimmers.,中间,老师站在教室中间。,middle,The teacher is standing in the middle of the classroom.
M,die Möbel (pl.),Wohnen,Sind die Möbel neu?,家具,这些家具是新的吗？,furniture,Is the furniture new?
M,möchten,Allgemein/Grammatik,Was möchten Sie trinken?,想要,您想喝什么？,would like,What would you like to drink?
M,mögen,Allgemein/Grammatik,Magst du Kaffee oder Tee?,喜欢,你喜欢咖啡还是茶？,to like,Do you like coffee or tea?
M,möglich,Allgemein/Grammatik,Mit dieser Fahrkarte ist die Fahrt ab 9 Uhr möglich.,可能的,用这张车票，9点以后可以乘车。,possible,"With this ticket, travel is possible from 9 o'clock."
M,der Moment,Zeit/Datum,Moment mal bitte! | Einen Moment bitte.,片刻,请等一下！| 请稍等片刻。,moment,"Just a moment, please! | One moment, please."
M,morgen,Zeit/Datum,Morgen beginnt die Schule um 10 Uhr.,明天,明天学校10点开始。,tomorrow,School starts at 10 o'clock tomorrow.
M,müde,Gesundheit/Körper,Ich bin müde. Ich gehe schlafen.,累的,我累了。我要去睡觉。,tired,I am tired. I am going to sleep.
M,der Mund,Gesundheit/Körper,Öffnen Sie den Mund.,嘴,请张开嘴。,mouth,Open your mouth.
M,müssen,Allgemein/Grammatik,Ich muss jeden Tag von 8 Uhr bis 18 Uhr arbeiten.,必须,我每天必须从8点工作到18点。,must; to have to,I have to work every day from 8 a.m. to 6 p.m.
M,"die Mutter, -ü",Person,Frau Berghäuser ist die Mutter von Michaela.,母亲,贝格霍伊泽女士是米凯拉的母亲。,mother,Mrs. Berghäuser is Michaela's mother.
N,nach,Allgemein/Grammatik,Ich gehe jetzt nach Hause. | Ich fliege nach München. | Es ist schon 5 nach 12.,去；到；在……后,我现在回家。| 我飞往慕尼黑。| 现在是12点过5分。,after; to; past,I am going home now. | I am flying to Munich. | It is already five past twelve.
N,"nächst- der Name, -n",Person,Sehen wir uns nächste Woche? | Mein Name ist Thomas Schmidt. | Mein Vorname ist Thomas; Schmidt ist der Familienname.,下一个；名字,我们下周见面吗？| 我的名字是托马斯·施密特。| 我的名是托马斯；施密特是姓。,next; name,Will we see each other next week? | My name is Thomas Schmidt. | My first name is Thomas; Schmidt is the family name.
N,nehmen,Allgemein/Grammatik,Heute gibt es Hähnchen. Das nehme ich. | Ich nehme den Bus.,拿；乘坐；要,今天有烤鸡。我就要这个。| 我坐公交车。,to take,There is chicken today. I will take that. | I will take the bus.
N,nein,Allgemein/Grammatik,"Fährst du auch nach München? – Nein, ich habe keine | Zeit.",不,你也去慕尼黑吗？——不，我没有时间。,no,"Are you also going to Munich? - No, I do not have time."
N,neu,Allgemein/Grammatik,Ich bin der neue Kollege. | Wir haben eine neue Wohnung.,新的,我是新同事。| 我们有一套新公寓。,new,I am the new colleague. | We have a new apartment.
N,nicht,Allgemein/Grammatik,"Das stimmt nicht. | Das ist doch schön, nicht?",不,这不对。| 这很漂亮，不是吗？,not,"That is not correct. | That is nice, isn't it?"
N,nichts,Allgemein/Grammatik,Das macht nichts. | Hier kaufe ich nichts. Der Laden gefällt mir nicht.,没什么；没有东西,没关系。| 我在这里什么都不买。这个店我不喜欢。,nothing,That does not matter. | I am not buying anything here. I do not like the shop.
N,noch,Allgemein/Grammatik,Vielleicht kommt er noch. | Wir warten noch fünf Minuten. | Ich habe noch 20 Euro.,还；仍然,也许他还会来。| 我们再等五分钟。| 我还有20欧元。,still; yet; more,Maybe he will still come. | We will wait another five minutes. | I still have 20 euros.
N,normal,Allgemein/Grammatik,75 kg. Sein Gewicht ist normal.,正常的,75公斤。他的体重正常。,normal,75 kg. His weight is normal.
N,"die Nummer, -n",Allgemein/Grammatik,Sie haben Zimmer Nummer zwölf. | Welche Hausnummer haben Sie? | Können Sie mir Ihre Nummer geben?,号码；编号,您的房间是12号。| 您的门牌号是多少？| 您能给我您的号码吗？,number,You have room number twelve. | What is your house number? | Can you give me your number?
N,nur,Allgemein/Grammatik,Ich möchte nur ein Glas Wasser.,只；仅仅,我只想要一杯水。,only; just,I would like only a glass of water.
O,oben,Allgemein/Grammatik,Ich wohne oben.,上面,我住在上面。,above; upstairs,I live upstairs.
O,das Obst,Essen/Trinken,Im Sommer ist das Obst billig.,水果,夏天水果便宜。,fruit,Fruit is cheap in summer.
O,oder,Allgemein/Grammatik,Wann können Sie kommen – heute oder morgen?,或者,您什么时候能来——今天还是明天？,or,"When can you come, today or tomorrow?"
O,öffnen,Allgemein/Grammatik,Ich öffne die Tür.,打开,我打开门。,to open,I open the door.
O,geöffnet,Allgemein/Grammatik,Der Laden ist samstags bis 16.00 Uhr geöffnet.,营业的；开着的,这家店星期六营业到16点。,open,The shop is open until 4 p.m. on Saturdays.
O,oft,Zeit/Datum,Petra treffe ich oft.,经常,我经常见到佩特拉。,often,I often meet Petra.
O,ohne,Allgemein/Grammatik,Ohne Geld kann er nichts kaufen.,没有；不带,没有钱他什么也买不了。,without,Without money he cannot buy anything.
O,das Öl,Allgemein/Grammatik,Den Salat machen wir ohne Öl.,油,我们做沙拉不放油。,oil,We make the salad without oil.
O,"die Oma, -s",Person,Meine Oma ist schon tot.,奶奶；外婆,我的奶奶已经去世了。,grandma,My grandma has already died.
O,"der Opa, -s",Person,Mein Opa heißt Hans.,爷爷；外公,我的爷爷叫汉斯。,grandpa,My grandpa's name is Hans.
O,die Ordnung,Wohnen,Das ist in Ordnung.,秩序；没问题,没问题。,order; okay,That is okay.
O,"der Ort, -e",Reisen/Verkehr,Der Ort liegt am Meer.,地点；地方,这个地方位于海边。,place; town,The place is by the sea.
P,das Papier,Einkaufen/Gebrauchsartikel,Hier sind Papier und Bleistift.,纸,这里有纸和铅笔。,paper,Here are paper and pencil.
P,die Papiere (pl.),Einkaufen/Gebrauchsartikel,Haben Sie Ihre Papiere dabei?,证件；文件,您带着您的证件吗？,papers; documents,Do you have your papers with you?
P,"der Partner, -/die Partnerin, -nen",Person,Sie ist meine Partnerin.,伴侣；伙伴,她是我的伴侣。,partner,She is my partner.
P,die Party,Freizeit/Unterhaltung,Heute Abend machen wir eine Party.,派对,今天晚上我们办一个派对。,party,Tonight we are having a party.
P,"der Pass, -ä, e",Person,Im Hotel brauchst du deinen Pass.,护照,在酒店你需要你的护照。,passport,You need your passport at the hotel.
P,"die Pause, -n",Zeit/Datum,Von 12.00 bis 12.30 Uhr haben wir Mittagspause.,休息,12点到12点30分我们午休。,break,We have a lunch break from 12:00 to 12:30.
P,"der Plan, -ä, e",Reisen/Verkehr,Ich kaufe mir einen Stadtplan.,计划；地图,我给自己买一张城市地图。,plan; map,I am buying myself a city map.
P,"der Platz, -ä, e",Reisen/Verkehr,"Tut mir leid, der Platz ist besetzt. | Bitte nehmen Sie Platz! | Ich wohne Messeplatz 5.",位置；座位；广场,对不起，这个座位有人了。| 请坐！| 我住在展览广场5号。,place; seat; square,"Sorry, the seat is taken. | Please take a seat! | I live at Messeplatz 5."
P,die Polizei,Dienstleistungen,Holen Sie die Polizei!,警察,叫警察！,police,Call the police!
P,die Pommes frites (pl.),Essen/Trinken,Die Kinder essen Hähnchen mit Pommes frites.,薯条,孩子们吃烤鸡配薯条。,French fries,The children are eating chicken with French fries.
P,die Post,Dienstleistungen,"Wo ist die Post, bitte? | Ist Post da?",邮局；邮件,请问邮局在哪里？| 有邮件吗？,post office; mail,"Where is the post office, please? | Is there any mail?"
P,die Postleitzahl,Person,Wie ist Ihre Postleitzahl?,邮政编码,您的邮政编码是多少？,postal code,What is your postal code?
P,das Praktikum,Arbeit/Beruf,Ich mache ein Praktikum bei Siemens.,实习,我在西门子实习。,internship,I am doing an internship at Siemens.
P,die Praxis,Gesundheit/Körper,Die Praxis ist ab acht Uhr geöffnet.,诊所；诊室,诊所从八点开始营业。,practice; doctor's office,The practice is open from eight o'clock.
P,"der Preis, -e",Einkaufen/Gebrauchsartikel,Die Preise sind hoch.,价格,价格很高。,price,The prices are high.
P,"das Problem, -e",Allgemein/Grammatik,Mein Problem ist die Sprache.,问题,我的问题是语言。,problem,My problem is the language.
P,"der Prospekt, -e",Einkaufen/Gebrauchsartikel,Bitte schicken Sie mir einen Prospekt von Ihrem Hotel.,宣传册,请寄给我一份您酒店的宣传册。,brochure,Please send me a brochure for your hotel.
P,die Prüfung,Erziehung/Ausbildung/Lernen,Die Prüfung ist am Montag um 8.00 Uhr.,考试,考试在星期一早上8点。,exam,The exam is on Monday at 8 a.m.
P,pünktlich,Zeit/Datum,Der Bus fährt pünktlich um acht Uhr. | Herr Müller ist immer pünktlich.,准时的,公交车八点准时开。| 米勒先生总是准时。,punctual,The bus leaves punctually at eight o'clock. | Mr. Müller is always punctual.
R,Rad fahren,Freizeit/Unterhaltung,Das Kind kann schon Rad fahren.,骑自行车,这个孩子已经会骑自行车了。,to ride a bicycle,The child can already ride a bicycle.
R,rauchen,Gesundheit/Körper,Ich rauche nicht.,吸烟,我不吸烟。,to smoke,I do not smoke.
R,"der Raum, -ä, e",Wohnen,Der Unterricht ist in Raum 332.,房间；空间,课在332教室。,room,The class is in room 332.
R,"die Rechnung, -en",Einkaufen/Gebrauchsartikel,"Die Rechnung, bitte.",账单,请结账。,bill; invoice,"The bill, please."
R,rechts,Allgemein/Grammatik,Die Schillerstraße ist hier rechts.,右边,席勒街在这里右边。,right,Schillerstraße is to the right here.
R,regnen,Umwelt,Heute regnet es.,下雨,今天下雨。,to rain,It is raining today.
R,der Regen,Umwelt,Bei diesem Regen gehe ich nicht raus.,雨,这种雨天我不出去。,rain,I am not going out in this rain.
R,der Reis,Essen/Trinken,Ich esse gern Reis.,米饭,我喜欢吃米饭。,rice,I like eating rice.
R,reisen,Reisen/Verkehr,Ich reise gern.,旅行,我喜欢旅行。,to travel,I like traveling.
R,die Reise,Reisen/Verkehr,Wir machen eine Reise nach Österreich.,旅行,我们去奥地利旅行。,trip; journey,We are taking a trip to Austria.
R,"das Reisebüro, -s",Reisen/Verkehr,Mein Mann arbeitet im Reisebüro.,旅行社,我丈夫在旅行社工作。,travel agency,My husband works at a travel agency.
R,der Reiseführer,Reisen/Verkehr,Ich kaufe mir einen Reiseführer von Berlin. | Unser Reiseführer heißt Peter.,旅游指南；导游,我给自己买一本柏林旅游指南。| 我们的导游叫彼得。,travel guide; tour guide,I am buying a travel guide for Berlin. | Our tour guide is called Peter.
R,reparieren,Wohnen,Er hat das Fahrrad repariert.,修理,他修好了自行车。,to repair,He repaired the bicycle.
R,die Reparatur,Wohnen,Die Reparatur ist sehr teuer.,修理；维修,维修很贵。,repair,The repair is very expensive.
R,"das Restaurant, -s",Essen/Trinken,Wir essen heute in einem Restaurant.,餐馆,我们今天在一家餐馆吃饭。,restaurant,We are eating in a restaurant today.
R,die Rezeption,Reisen/Verkehr,Fragen Sie bitte im Hotel an der Rezeption.,前台；接待处,请在酒店前台询问。,reception,Please ask at the hotel reception.
R,richtig,Allgemein/Grammatik,Habe ich das richtig verstanden? | Das ist richtig.,正确的；对的,我理解得对吗？| 这是对的。,right; correct,Did I understand that correctly? | That is correct.
R,riechen,Gesundheit/Körper,Dieser Wein riecht gut.,闻起来,这种葡萄酒闻起来很好。,to smell,This wine smells good.
R,ruhig,Allgemein/Grammatik,Ich möchte ein ruhiges Zimmer.,安静的,我想要一间安静的房间。,quiet; calm,I would like a quiet room.
S,der Saft,Essen/Trinken,Möchtest du einen Apfelsaft?,果汁,你想要一杯苹果汁吗？,juice,Would you like apple juice?
S,sagen,Kommunikation/Sprache,"Sag mal, wie geht es dir denn?",说,说说看，你好吗？,to say,"Tell me, how are you?"
S,der Salat,Essen/Trinken,Wie schmeckt dir der Salat?,沙拉,你觉得这个沙拉味道怎么样？,salad,How do you like the salad?
S,das Salz,Essen/Trinken,"Herr Ober, kann ich bitte Salz haben?",盐,服务员先生，我可以要盐吗？,salt,"Waiter, may I have some salt, please?"
S,"Satz, -ä, e",Erziehung/Ausbildung/Lernen,Dieser Satz ist sehr einfach.,句子,这个句子很简单。,sentence,This sentence is very easy.
S,die S-Bahn,Reisen/Verkehr,Ich nehme lieber die S-Bahn.,城市快铁,我更愿意坐城市快铁。,city train; S-Bahn,I prefer taking the S-Bahn.
S,der Schalter,Dienstleistungen,Gehen Sie bitte zum Schalter drei!,柜台；开关,请去三号柜台！,counter,Please go to counter three!
S,scheinen,Umwelt,Die Sonne scheint.,照耀；似乎,太阳在照耀。,to shine,The sun is shining.
S,schicken,Dienstleistungen,Bitte schicken Sie mir eine E-Mail.,发送；寄,请给我发送一封电子邮件。,to send,Please send me an email.
S,"das Schild, -er",Einkaufen/Gebrauchsartikel,Haben Sie nicht das Schild gesehen?,标牌,您没有看到那个标牌吗？,sign,Did you not see the sign?
S,"der Schinken, –",Essen/Trinken,Ich möchte gern ein Schinkenbrot.,火腿,我想要一个火腿面包。,ham,I would like a ham sandwich.
S,schlafen,Gesundheit/Körper,Ich schlafe meistens acht Stunden.,睡觉,我通常睡八个小时。,to sleep,I usually sleep eight hours.
S,schlecht,Allgemein/Grammatik,Mir ist schlecht! | Sie sehen schlecht aus. | Wir haben schlechtes Wetter.,差的；不舒服,我不舒服！| 您看起来气色不好。| 我们天气不好。,bad; sick,I feel sick! | You look bad. | We have bad weather.
S,schließen,Allgemein/Grammatik,"Bitte, schließen Sie die Tür.",关上；关闭,请把门关上。,to close,Please close the door.
S,geschlossen,Allgemein/Grammatik,Die Bank hat am Samstag geschlossen.,关门的；关闭的,银行星期六关门。,closed,The bank is closed on Saturday.
S,der Schluss,Allgemein/Grammatik,Ich muss jetzt Schluss machen. | Zum Schluss gibt er uns allen die Hand.,结束,我现在必须结束了。| 最后他和我们所有人握手。,end; conclusion,I have to finish now. | At the end he shakes hands with all of us.
S,"der Schlüssel, –",Wohnen,Ich gebe Ihnen noch den Zimmerschlüssel.,钥匙,我还给您房间钥匙。,key,I will also give you the room key.
S,schmecken,Essen/Trinken,Schmeckt das gut?,味道如何,味道好吗？,to taste,Does that taste good?
S,schnell,Allgemein/Grammatik,Er fährt schnell.,快的,他开得很快。,fast; quick,He drives fast.
S,schon,Allgemein/Grammatik,Ist das Essen schon fertig?,已经,饭已经做好了吗？,already,Is the food ready already?
S,schön,Allgemein/Grammatik,Schönen Urlaub! | Das ist sehr schön.,漂亮的；美好的,祝你假期愉快！| 这非常漂亮。,beautiful; nice,Have a nice vacation! | That is very beautiful.
S,"der Schrank, -ä, e",Wohnen,Die Gläser stehen im Schrank.,柜子,玻璃杯在柜子里。,cabinet; wardrobe,The glasses are in the cabinet.
S,"der Schuh, -e",Einkaufen/Gebrauchsartikel,Zieh die Schuhe aus!,鞋,把鞋脱掉！,shoe,Take off your shoes!
S,die Schule,Erziehung/Ausbildung/Lernen,Meine Tochter geht schon in die Schule. | Die Schule ist gleich hier um die Ecke.,学校,我女儿已经上学了。| 学校就在这附近拐角处。,school,My daughter already goes to school. | The school is right around the corner.
S,"der Schüler, –",Erziehung/Ausbildung/Lernen,In meinem Kurs sind acht Schülerinnen und fünf | Schüler.,学生；小学生,我的班上有八名女学生和五名男学生。,student; pupil,There are eight female students and five male students in my course.
S,schwer,Allgemein/Grammatik,Ist Ihr Gepäck sehr schwer? | Das ist eine schwere Arbeit.,重的；困难的,您的行李很重吗？| 这是一项艰难的工作。,heavy; difficult,Is your luggage very heavy? | That is difficult work.
S,"die Schwester, -n",Person,Meine Schwester kommt am Dienstag.,姐妹；姐姐；妹妹,我妹妹星期二来。,sister,My sister is coming on Tuesday.
S,schwimmen,Freizeit/Unterhaltung,Ich schwimme jeden Tag einen Kilometer.,游泳,我每天游一公里。,to swim,I swim one kilometer every day.
S,das Schwimmbad,Freizeit/Unterhaltung,Kommst du mit ins Schwimmbad?,游泳池,你一起去游泳池吗？,swimming pool,Are you coming along to the swimming pool?
S,der See,Umwelt,"Komm, wir fahren zum Starnberger See.",湖,来，我们去施塔恩贝格湖。,lake,"Come on, we are going to Lake Starnberg."
S,sehen,Allgemein/Grammatik,Ich kann dich nicht sehen. | Ich habe diesen Jungen schon einmal gesehen.,看见,我看不见你。| 我以前已经见过这个男孩一次。,to see,I cannot see you. | I have seen this boy once before.
S,"die Sehenswürdigkeit,",Reisen/Verkehr,-en | Welche Sehenswürdigkeiten gibt es in Frankfurt?,名胜,法兰克福有哪些名胜？,sight; attraction,What sights are there in Frankfurt?
S,sehr,Allgemein/Grammatik,Danke sehr! | Das ist sehr schwer.,非常,非常感谢！| 这非常难。,very,Thank you very much! | That is very difficult.
S,sein,Allgemein/Grammatik,Herr Müller ist in seinem Zimmer. | Mir ist kalt. | Ich bin dreiundzwanzig.,是；他的,米勒先生在他的房间里。| 我觉得冷。| 我二十三岁。,to be,Mr. Müller is in his room. | I am cold. | I am twenty-three.
S,an sein,Allgemein/Grammatik,Das Licht ist noch an.,开着,灯还开着。,to be on,The light is still on.
S,auf sein,Allgemein/Grammatik,Das Fenster ist noch auf.,开着；打开着,窗户还开着。,to be open,The window is still open.
S,weg sein,Allgemein/Grammatik,Herr Meier ist schon weg.,不在；走了,迈尔先生已经走了。,to be gone,Mr. Meier is already gone.
S,zu sein,Allgemein/Grammatik,Die Tür ist zu.,关着,门是关着的。,to be closed,The door is closed.
S,seit,Zeit/Datum,Ich wohne seit drei Jahren in Köln.,自从,我在科隆住了三年了。,since,I have lived in Cologne for three years.
S,selbstständig,Arbeit/Beruf,Er ist selbstständig.,独立的；自雇的,他是自雇人士。,self-employed,He is self-employed.
S,sich,Allgemein/Grammatik,Sie müssen sich erst anmelden.,自己；反身代词,您必须先报名。,oneself; himself; herself,You must register first.
S,sie,Person,Wie heißt sie?,她；他们,她叫什么名字？,she; they,What is her name?
S,Sie,Person,"Wie heißen Sie, bitte?",您；您们,请问您叫什么名字？,you (formal),"What is your name, please?"
S,sitzen,Allgemein/Grammatik,Wo sitzen Sie?,坐,您坐在哪里？,to sit,Where are you sitting?
S,so,Allgemein/Grammatik,"Sie müssen das so machen! | Fahren Sie bitte nicht so schnell! | Meine Frau ist so groß wie ich. | So, das war‘s/wär‘s!",这样；如此,您必须这样做！| 请不要开得这么快！| 我妻子和我一样高。| 好，就这样了！,so; like this,"You have to do it like this! | Please do not drive so fast! | My wife is as tall as I am. | So, that was it!"
S,das Sofa,Wohnen,Das Sofa ist neu.,沙发,这张沙发是新的。,sofa,The sofa is new.
S,sofort,Zeit/Datum,Bitte antworten Sie sofort.,马上；立刻,请立刻回复。,immediately,Please answer immediately.
S,"der Sohn, -ö, e",Person,"Das ist Hans, mein Sohn.",儿子,这是汉斯，我的儿子。,son,"This is Hans, my son."
S,sollen,Allgemein/Grammatik,Soll ich kommen? | Was soll ich mitbringen?,应该；要,我要来吗？| 我应该带什么？,should; shall,Should I come? | What should I bring?
S,die Sonne,Umwelt,Die Sonne scheint.,太阳,太阳在照耀。,sun,The sun is shining.
S,spät,Zeit/Datum,"Es ist schon spät, ich muss gehen.",晚的；迟的,已经晚了，我必须走了。,late,It is already late; I have to go.
S,später,Zeit/Datum,Das können wir später machen.,以后；稍后,这个我们以后可以做。,later,We can do that later.
S,die Speisekarte,Essen/Trinken,"Bringen Sie mir die Speisekarte, bitte.",菜单,请把菜单拿给我。,menu,"Bring me the menu, please."
S,spielen,Freizeit/Unterhaltung,Die Kinder spielen draußen. | Spielen Sie Karten?,玩；演奏,孩子们在外面玩。| 您玩牌吗？,to play,The children are playing outside. | Do you play cards?
S,der Sport,Freizeit/Unterhaltung,Ich mache viel Sport.,运动,我做很多运动。,sport,I do a lot of sports.
S,"die Sprache, -n",Erziehung/Ausbildung/Lernen,Welche Sprachen sprichst du?,语言,你会说哪些语言？,language,Which languages do you speak?
S,sprechen,Kommunikation/Sprache,Kann ich (mit) Herrn Klein sprechen?,说话；交谈,我可以和克莱因先生说话吗？,to speak,Can I speak with Mr. Klein?
S,"die Stadt, -ä, e",Reisen/Verkehr,Heidelberg ist eine alte Stadt.,城市,海德堡是一座古老的城市。,city,Heidelberg is an old city.
S,stehen,Allgemein/Grammatik,"Ich glaube es nicht, aber es steht in der Zeitung. | Der Bus steht schon an der Haltestelle.",站；写着,我不相信，但报纸上写着。| 公交车已经停在车站。,to stand; to be written,"I do not believe it, but it is in the newspaper. | The bus is already standing at the stop."
S,stellen,Allgemein/Grammatik,Stell die Tasche rechts in die Ecke!,放；摆,把包放到右边角落里！,to put; to place,Put the bag on the right in the corner!
S,der Stock,Wohnen,Unsere Wohnung liegt im ersten Stock.,楼层,我们的公寓在一楼。,floor; story,Our apartment is on the first floor.
S,"die Straße, -n",Reisen/Verkehr,In welcher Straße wohnen Sie?,街道,您住在哪条街？,street,Which street do you live on?
S,die Straßenbahn,Reisen/Verkehr,Wo fährt die Straßenbahn ab?,有轨电车,有轨电车在哪里发车？,tram,Where does the tram leave from?
S,studieren,Erziehung/Ausbildung/Lernen,Ich studiere in Mainz.,上大学；学习专业,我在美因茨上大学。,to study,I study in Mainz.
S,das Studium,Erziehung/Ausbildung/Lernen,Das Studium beginnt im Oktober.,大学学习；学业,大学学习十月开始。,studies; degree program,The degree program begins in October.
S,"der Student, -en",Erziehung/Ausbildung/Lernen,Ich bin Studentin.,大学生,我是女大学生。,university student,I am a student.
S,"die Stunde, -n",Zeit/Datum,Ich bin in einer Stunde zurück.,小时；课时,我一小时后回来。,hour; lesson,I will be back in an hour.
S,suchen,Allgemein/Grammatik,Suchst du etwas?,寻找,你在找什么吗？,to search; to look for,Are you looking for something?
T,tanzen,Freizeit/Unterhaltung,Tanzen Sie gern?,跳舞,您喜欢跳舞吗？,to dance,Do you like dancing?
T,"die Tasche, -n",Einkaufen/Gebrauchsartikel,Ich habe die Schlüssel in der Tasche.,包；口袋,钥匙在我的包里。,bag; pocket,I have the keys in my bag.
T,"das Taxi, -s",Reisen/Verkehr,Es gibt heute keinen Bus mehr. Er fährt mit dem Taxi.,出租车,今天没有公交车了。他坐出租车。,taxi,There is no bus anymore today. He is taking a taxi.
T,der Tee,Essen/Trinken,Ich trinke morgens immer Tee.,茶,我早上总是喝茶。,tea,I always drink tea in the morning.
T,"der Teil, -e",Allgemein/Grammatik,Lies bitte auch den zweiten Teil.,部分,请也读第二部分。,part,Please also read the second part.
T,telefonieren,Kommunikation/Sprache,Darf ich mal telefonieren?,打电话,我可以打个电话吗？,to telephone; to make a call,May I use the phone?
T,das Telefon,Kommunikation/Sprache,Haben Sie Telefon?,电话,您有电话吗？,telephone,Do you have a telephone?
T,"der Termin, -e",Zeit/Datum,Am besten machen wir sofort einen Termin.,预约；时间,最好我们马上约个时间。,appointment,It is best if we make an appointment right away.
T,der Test,Erziehung/Ausbildung/Lernen,Der Test war einfach.,测试；考试,测试很简单。,test,The test was easy.
T,teuer,Einkaufen/Gebrauchsartikel,Das ist mir zu teuer.,贵的,这对我来说太贵了。,expensive,That is too expensive for me.
T,"der Text, -e",Erziehung/Ausbildung/Lernen,Lesen Sie bitte diesen Text.,课文；文本,请读这篇课文。,text,Please read this text.
T,das Thema,Erziehung/Ausbildung/Lernen,Wir sprechen heute über das Thema „Essen und | Trinken“.,主题,我们今天谈论“饮食”这个主题。,topic; theme,Today we are talking about the topic of eating and drinking.
T,"das Ticket, -s",Reisen/Verkehr,Wie viel kostet das Ticket?,票,这张票多少钱？,ticket,How much does the ticket cost?
T,"der Tisch, -e",Wohnen,Die Fotos liegen auf dem Tisch.,桌子,照片在桌子上。,table,The photos are lying on the table.
T,"die Tochter, -ö",Person,Das ist meine Tochter Katharina.,女儿,这是我的女儿卡塔琳娜。,daughter,This is my daughter Katharina.
T,"die Toilette, -en",Wohnen,"Wo ist die Toilette, bitte?",厕所,请问厕所在哪里？,toilet; restroom,"Where is the toilet, please?"
T,"die Tomate, -n",Essen/Trinken,Die Tomate ist noch grün.,西红柿,这个西红柿还是绿色的。,tomato,The tomato is still green.
T,tot,Person,Sein Vater ist schon lange tot.,死的,他的父亲已经去世很久了。,dead,His father has been dead for a long time.
T,(sich) treffen,Allgemein/Grammatik,Ich treffe in der Stadt einen Kollegen. | Wir treffen uns immer freitags.,见面；遇见,我在城里遇见一位同事。| 我们总是星期五见面。,to meet,I am meeting a colleague in town. | We always meet on Fridays.
T,"die Treppe, -n",Wohnen,Die Toilette? Die Treppe hoch und dann links.,楼梯,厕所？上楼梯，然后左转。,stairs,The restroom? Go up the stairs and then left.
T,trinken,Essen/Trinken,Möchtest du etwas trinken?,喝,你想喝点什么吗？,to drink,Would you like something to drink?
T,tschüss,Kommunikation/Sprache,Junge Leute sagen meistens „tschüss!“ und nicht | „auf Wiedersehen“.,再见；拜拜,年轻人大多说“tschüss”，而不是“auf Wiedersehen”。,bye,Young people usually say bye and not goodbye.
T,tun,Allgemein/Grammatik,Ich habe noch etwas zu tun. | Was tut Ihr Mann?,做,我还有事情要做。| 您丈夫做什么工作？,to do,I still have something to do. | What does your husband do?
U,über,Allgemein/Grammatik,Gehen Sie hier über die Straße. | Er wohnt im zweiten Stock über Familie Meier. | Sind Sie über 18?,越过；在……上方；超过,从这里过马路。| 他住在迈尔家楼上二层。| 您超过18岁吗？,over; across; about,Go across the street here. | He lives on the second floor above the Meier family. | Are you over 18?
U,übernachten,Reisen/Verkehr,Du kannst bei mir übernachten.,过夜,你可以在我这里过夜。,to stay overnight,You can stay overnight at my place.
U,überweisen,Dienstleistungen,Sie können das Geld auch überweisen.,转账,您也可以把钱转账。,to transfer,You can also transfer the money.
U,die Uhr,Zeit/Datum,Es ist vier Uhr.,钟；点钟,现在四点。,clock; o'clock; watch,It is four o'clock.
U,um,Allgemein/Grammatik,Er kommt um sieben Uhr. | Da kommt er gerade um die Ecke.,在……点；绕过,他七点来。| 他正好从拐角处过来。,at; around,He comes at seven o'clock. | There he comes around the corner.
U,umziehen,Wohnen,Nächsten Monat ziehen wir um.,搬家,下个月我们搬家。,to move house,We are moving next month.
U,unser- unten,Allgemein/Grammatik,Das ist unsere Lehrerin. | Er wohnt ganz unten im Haus.,我们的；下面,这是我们的老师。| 他住在房子最下面。,our; our; downstairs,That is our teacher. | He lives all the way downstairs in the building.
U,unter,Allgemein/Grammatik,Unter uns wohnt eine Familie mit drei Kindern.,在……下面,我们楼下住着一家有三个孩子的人家。,under; below,A family with three children lives below us.
U,der Unterricht,Erziehung/Ausbildung/Lernen,Wir haben Unterricht von 8.00 bis 12.00 Uhr.,课；教学,我们8点到12点上课。,class; lesson,We have class from 8:00 to 12:00.
U,unterschreiben,Kommunikation/Sprache,Wo muss ich unterschreiben?,签名,我在哪里签名？,to sign,Where do I have to sign?
U,die Unterschrift,Kommunikation/Sprache,Hier fehlt noch Ihre Unterschrift.,签名,这里还缺您的签名。,signature,Your signature is still missing here.
U,der Urlaub,Arbeit/Beruf,Ich nehme im September Urlaub.,假期,我九月休假。,vacation,I am taking vacation in September.
V,"der Vater, -ä",Person,Mein Vater ist Arbeiter.,父亲,我的父亲是工人。,father,My father is a worker.
V,verboten,Allgemein/Grammatik,Hier ist Rauchen verboten.,禁止的,这里禁止吸烟。,forbidden,Smoking is forbidden here.
V,verdienen,Arbeit/Beruf,Ich verdiene 1.500 Euro im Monat.,挣钱,我每月挣1500欧元。,to earn,"I earn 1,500 euros a month."
V,der Verein,Freizeit/Unterhaltung,Es gibt einen neuen Sportverein in der Stadt.,协会；俱乐部,城里有一个新的体育俱乐部。,club; association,There is a new sports club in the city.
V,verheiratet,Person,Ich bin verheiratet und habe drei Kinder.,已婚的,我结婚了，有三个孩子。,married,I am married and have three children.
V,verkaufen,Einkaufen/Gebrauchsartikel,Er verkauft sein altes Auto.,卖,他卖掉他的旧车。,to sell,He is selling his old car.
V,"der Verkäufer, –",Einkaufen/Gebrauchsartikel,Meine Mutter ist Verkäuferin im Kaufhaus.,售货员,我的母亲是百货公司的女售货员。,salesperson,My mother is a saleswoman in the department store.
V,vermieten,Wohnen,Die Wohnung ist schon vermietet.,出租,这套公寓已经出租了。,to rent out,The apartment has already been rented out.
V,der Vermieter,Wohnen,Unser Vermieter heißt Huber. Er wohnt auch hier.,房东,我们的房东叫胡贝尔。他也住在这里。,landlord,Our landlord is named Huber. He also lives here.
V,verstehen,Kommunikation/Sprache,Können Sie mich verstehen?,理解,您能听懂我说的话吗？,to understand,Can you understand me?
V,"der Verwandte, -n",Person,Peter besucht seine Verwandten in Polen.,亲戚,彼得去波兰看望他的亲戚。,relative,Peter is visiting his relatives in Poland.
V,viel,Allgemein/Grammatik,Hier regnet es viel.,很多,这里下雨很多。,much; many; a lot,It rains a lot here.
V,vielleicht,Allgemein/Grammatik,Ich komme vielleicht mit dem Bus.,也许,也许我坐公交车一起来。,maybe,Maybe I will come by bus.
V,von,Allgemein/Grammatik,Das Auto von Felix ist kaputt. | Er kommt gerade von Köln/von zu Hause.,……的；从,费利克斯的车坏了。| 他刚从科隆/家里来。,from; of,Felix's car is broken. | He is just coming from Cologne/from home.
V,vor,Allgemein/Grammatik,Der Termin war vor einer Stunde. | Das Auto steht vor der Tür.,在……前；以前,预约是一小时前。| 汽车停在门前。,before; in front of,The appointment was an hour ago. | The car is in front of the door.
V,"der Vorname, -n",Person,"Ich heiße Müller, mein Vorname ist Eva.",名字,我姓米勒，名字叫埃娃。,first name,My name is Müller; my first name is Eva.
V,die Vorsicht,Allgemein/Grammatik,Vorsicht! Da kommt ein Auto.,小心,小心！有车来了。,caution,Careful! A car is coming.
V,(sich) vorstellen,Kommunikation/Sprache,Wir wollen uns kennenlernen. Können Sie sich bitte | vorstellen?,自我介绍；想象,我们想互相认识。您能请自我介绍一下吗？,to introduce oneself,We want to get to know each other. Could you please introduce yourself?
V,die Vorwahl,Dienstleistungen,Wie ist die Vorwahl von München?,区号,慕尼黑的区号是多少？,area code,What is the area code for Munich?
W,wandern,Freizeit/Unterhaltung,Wir wandern um den Chiemsee.,徒步旅行,我们围绕基姆湖徒步。,to hike,We are hiking around Lake Chiemsee.
W,wann,Zeit/Datum,Wann bist du fertig? | Wann kann ich Sie anrufen? | Wann sind Sie geboren?,什么时候,你什么时候完成？| 我什么时候可以给您打电话？| 您什么时候出生？,when,When are you finished? | When can I call you? | When were you born?
W,warten,Allgemein/Grammatik,Können Sie ein paar Minuten warten? | Auf wen warten Sie?,等待,您能等几分钟吗？| 您在等谁？,to wait,Can you wait a few minutes? | Who are you waiting for?
W,warum,Allgemein/Grammatik,Warum kommt er nicht?,为什么,他为什么不来？,why,Why is he not coming?
W,was,Allgemein/Grammatik,Was ist das? | Was möchten Sie?,什么,这是什么？| 您想要什么？,what,What is that? | What would you like?
W,was für ein,Allgemein/Grammatik,Was für eine Farbe möchten Sie?,什么样的,您想要什么颜色？,what kind of,What kind of color would you like?
W,(sich) waschen,Gesundheit/Körper,Wo kann ich mir die Hände waschen? | Ich muss morgen waschen.,洗；洗衣服,我在哪里可以洗手？| 我明天必须洗衣服。,to wash oneself; to wash,Where can I wash my hands? | I have to do laundry tomorrow.
W,das Wasser,Essen/Trinken,"Ein Glas Wasser, bitte.",水,请来一杯水。,water,"A glass of water, please."
W,weh tun,Gesundheit/Körper,Ich muss zum Arzt. Mein Bein tut weh.,疼,我必须去看医生。我的腿疼。,to hurt,I have to go to the doctor. My leg hurts.
W,weiblich,Person,Kreuzen Sie bitte an: „weiblich“ oder „männlich“.,女性的,请勾选：“女性”或“男性”。,female,Please tick: female or male.
W,der Wein,Essen/Trinken,"Nein danke, ich möchte keinen Wein.",葡萄酒,不了，谢谢，我不想要葡萄酒。,wine,"No, thank you; I do not want any wine."
W,weiter,Allgemein/Grammatik,Der Bus fährt nicht weiter.,继续；更远,公交车不再继续开了。,further; onward,The bus does not go any farther.
W,welch- die Welt,Umwelt,Welches Buch möchtest du? | Es gibt viele Probleme auf der Welt.,哪个；世界,你想要哪本书？| 世界上有很多问题。,which; world,Which book would you like? | There are many problems in the world.
W,wenig,Allgemein/Grammatik,Ich habe leider nur wenig verstanden. | Er verdient wenig.,少；少量,很遗憾，我只听懂了一点。| 他挣得少。,little; few,"Unfortunately, I understood only a little. | He earns little."
W,wer,Allgemein/Grammatik,Wer ist das?,谁,这是谁？,who,Who is that?
W,werden,Allgemein/Grammatik,Mein Sohn will Arzt werden.,成为；变成,我儿子想成为医生。,to become,My son wants to become a doctor.
W,das Wetter,Umwelt,Wir hatten schlechtes Wetter.,天气,我们遇到了坏天气。,weather,We had bad weather.
W,wichtig,Allgemein/Grammatik,Dieses Formular ist sehr wichtig.,重要的,这张表格非常重要。,important,This form is very important.
W,wie,Allgemein/Grammatik,Wie heißt du? | Er schreibt wie ein Kind. | Meine Frau ist so groß wie ich. | Wie soll ich das machen? | Wie groß ist die Wohnung? | Wie bitte? | Wie lange bist du schon hier?,怎样；像；多么,你叫什么名字？| 他写得像个孩子。| 我妻子和我一样高。| 我该怎么做？| 这套公寓多大？| 什么，请再说一遍？| 你在这里多久了？,how; like,What is your name? | He writes like a child. | My wife is as tall as I am. | How should I do that? | How big is the apartment? | Pardon? | How long have you been here?
W,wiederholen,Erziehung/Ausbildung/Lernen,Können Sie das bitte wiederholen?,重复,您能请重复一下吗？,to repeat,Could you please repeat that?
W,das Wiederhören,Kommunikation/Sprache,Wir müssen jetzt Schluss machen. | Also auf Wiederhören!,再听到；电话再见,我们现在必须结束了。| 那么电话里再见！,hearing again; goodbye on the phone,"We have to finish now. | Well, goodbye!"
W,das Wiedersehen,Kommunikation/Sprache,Auf Wiedersehen!,再见,再见！,goodbye,Goodbye!
W,wie viel,Allgemein/Grammatik,Wie viel Milch nehmen Sie?,多少,您要多少牛奶？,how much; how many,How much milk do you take?
W,willkommen,Kommunikation/Sprache,Herzlich willkommen!,欢迎,热烈欢迎！,welcome,A warm welcome!
W,der Wind,Umwelt,Der Wind kommt aus Osten.,风,风从东方来。,wind,The wind is coming from the east.
W,wir,Person,Wir lernen Deutsch.,我们,我们学习德语。,we,We are learning German.
W,wissen,Allgemein/Grammatik,"Weißt du, wie er heißt?",知道,你知道他叫什么名字吗？,to know,Do you know what his name is?
W,wo,Allgemein/Grammatik,Wo waren Sie im Urlaub? | Wo ist die Post? | Wo sind Sie geboren?,哪里,您在哪里度假？| 邮局在哪里？| 您在哪里出生？,where,Where were you on vacation? | Where is the post office? | Where were you born?
W,woher,Allgemein/Grammatik,Woher kommen Sie?,从哪里,您来自哪里？,where from,Where do you come from?
W,wohin,Allgemein/Grammatik,Wohin fährt dieser Bus? | Wohin wollen Sie am Wochenende?,到哪里,这辆公交车开往哪里？| 周末你想去哪里？,where to,Where is this bus going? | Where do you want to go this weekend?
W,wohnen,Wohnen,Ich wohne in München.,居住,我住在慕尼黑。,to live; to reside,I live in Munich.
W,"die Wohnung, -en",Wohnen,Seit wann haben Sie diese Wohnung?,公寓；住房,您从什么时候开始有这套公寓？,apartment,How long have you had this apartment?
W,wollen,Allgemein/Grammatik,Wollen Sie einen Kaffee trinken?,想要,您想喝咖啡吗？,to want,Would you like to drink a coffee?
W,"das Wort, -ö, er/-e",Erziehung/Ausbildung/Lernen,Ich kenne das Wort nicht.,词；单词,我不认识这个词。,word,I do not know the word.
W,wunderbar,Allgemein/Grammatik,Das Essen schmeckt wunderbar.,美妙的,饭菜味道非常好。,wonderful,The food tastes wonderful.
Z,zahlen,Einkaufen/Gebrauchsartikel,"Zahlen, bitte!",付款,请结账！,to pay,"The bill, please!"
Z,die Zeit,Zeit/Datum,Ich habe heute keine Zeit.,时间,我今天没有时间。,time,I do not have time today.
Z,zurzeit,Zeit/Datum,Zurzeit habe ich sehr viel zu tun.,目前,目前我有很多事情要做。,currently,I currently have a lot to do.
Z,"die Zeitung, -en",Freizeit/Unterhaltung,Ich lese gern Zeitung.,报纸,我喜欢看报纸。,newspaper,I like reading the newspaper.
Z,"die Zigarette, -n",Allgemein/Grammatik,Wie teuer sind die Zigaretten?,香烟,香烟多少钱？,cigarette,How expensive are the cigarettes?
Z,"das Zimmer, –",Wohnen,"Das Zimmer ist groß. | Öffne im Schlafzimmer das Fenster, bitte! | Die Wohnung hat drei Zimmer. | Ich habe ein Zimmer bestellt.",房间,这个房间很大。| 请打开卧室的窗户！| 这套公寓有三个房间。| 我订了一个房间。,room,The room is large. | Please open the window in the bedroom. | The apartment has three rooms. | I reserved a room.
Z,der Zoll,Reisen/Verkehr,Wir müssen noch durch den Zoll.,海关,我们还得通过海关。,customs,We still have to go through customs.
Z,zu,Allgemein/Grammatik,Der Bus fährt zum Bahnhof. | Ich gehe zu Fuß.,到；太；关着,公交车开往火车站。| 我步行去。,to; closed; too,The bus goes to the train station. | I go on foot.
Z,zufrieden,Allgemein/Grammatik,Ich bin mit der Wohnung zufrieden.,满意的,我对这套公寓满意。,satisfied,I am satisfied with the apartment.
Z,"der Zug, -ü, e",Reisen/Verkehr,Ich fahre gern mit dem Zug.,火车,我喜欢坐火车。,train,I like traveling by train.
Z,zurück,Allgemein/Grammatik,Einmal Frankfurt und zurück. | Wann kommst du zurück?,回来；返回,一张去法兰克福并返回的票。| 你什么时候回来？,back; return,One ticket to Frankfurt and back. | When are you coming back?
Z,zusammen,Allgemein/Grammatik,Sollen wir zusammen essen gehen? | Das macht zusammen 2 Euro 80.,一起；总共,我们一起去吃饭吗？| 一共2欧元80分。,together,Shall we go eat together? | That makes 2 euros 80 altogether.
Z,zwischen,Allgemein/Grammatik,Heidelberg liegt zwischen Frankfurt und Stuttgart. | Zwischen 8 und 10 Uhr bin ich zu Hause.,在……之间,海德堡位于法兰克福和斯图加特之间。| 8点到10点之间我在家。,between,Heidelberg is between Frankfurt and Stuttgart. | I am at home between 8 and 10 o'clock.